programa_id,nombre,categoria,clasificacion,clasificacion_criterio,clasificacion_fuente,clasificado_en
37,ACUÍCOLAS,,PRODUCTIVIDAD,"Regla 900 (.*): Regla por defecto: todo lo que no cae en un supuesto emergente se contabiliza como productividad, y se marca con incidencia PROGRAMA_CLASIFICADO_POR_DEFECTO para revisión humana.","Acuerdo de trabajo: catch-all auditable, nunca silencioso",2026-08-13 16:24:06.522473+00
38,APÍCOLAS,,PRODUCTIVIDAD,"Regla 900 (.*): Regla por defecto: todo lo que no cae en un supuesto emergente se contabiliza como productividad, y se marca con incidencia PROGRAMA_CLASIFICADO_POR_DEFECTO para revisión humana.","Acuerdo de trabajo: catch-all auditable, nunca silencioso",2026-08-13 16:24:06.522473+00
39,AVENA Y GARBANZO,,PRODUCTIVIDAD,"Regla 900 (.*): Regla por defecto: todo lo que no cae en un supuesto emergente se contabiliza como productividad, y se marca con incidencia PROGRAMA_CLASIFICADO_POR_DEFECTO para revisión humana.","Acuerdo de trabajo: catch-all auditable, nunca silencioso",2026-08-13 16:24:06.522473+00
40,PACAS Y SUPLEMENTOS,,PRODUCTIVIDAD,"Regla 900 (.*): Regla por defecto: todo lo que no cae en un supuesto emergente se contabiliza como productividad, y se marca con incidencia PROGRAMA_CLASIFICADO_POR_DEFECTO para revisión humana.","Acuerdo de trabajo: catch-all auditable, nunca silencioso",2026-08-13 16:24:06.522473+00
41,MAÍZ BLANCO,,PRODUCTIVIDAD,"Regla 900 (.*): Regla por defecto: todo lo que no cae en un supuesto emergente se contabiliza como productividad, y se marca con incidencia PROGRAMA_CLASIFICADO_POR_DEFECTO para revisión humana.","Acuerdo de trabajo: catch-all auditable, nunca silencioso",2026-08-13 16:24:06.522473+00
42,MUNICIPALIZADO,,PRODUCTIVIDAD,"Regla 900 (.*): Regla por defecto: todo lo que no cae en un supuesto emergente se contabiliza como productividad, y se marca con incidencia PROGRAMA_CLASIFICADO_POR_DEFECTO para revisión humana.","Acuerdo de trabajo: catch-all auditable, nunca silencioso",2026-08-13 16:24:06.522473+00
43,BORDERÍA,,PRODUCTIVIDAD,"Regla 900 (.*): Regla por defecto: todo lo que no cae en un supuesto emergente se contabiliza como productividad, y se marca con incidencia PROGRAMA_CLASIFICADO_POR_DEFECTO para revisión humana.","Acuerdo de trabajo: catch-all auditable, nunca silencioso",2026-08-13 16:24:06.522473+00
44,TECNIFICACIÓN,,PRODUCTIVIDAD,"Regla 900 (.*): Regla por defecto: todo lo que no cae en un supuesto emergente se contabiliza como productividad, y se marca con incidencia PROGRAMA_CLASIFICADO_POR_DEFECTO para revisión humana.","Acuerdo de trabajo: catch-all auditable, nunca silencioso",2026-08-13 16:24:06.522473+00
45,DINAMISMO AGROALIMENTARIO,,PRODUCTIVIDAD,"Regla 900 (.*): Regla por defecto: todo lo que no cae en un supuesto emergente se contabiliza como productividad, y se marca con incidencia PROGRAMA_CLASIFICADO_POR_DEFECTO para revisión humana.","Acuerdo de trabajo: catch-all auditable, nunca silencioso",2026-08-13 16:24:06.522473+00
46,EMERGENTE PECUARIO,,EMERGENTE,Regla 10 (EMERGENTE): El nombre del programa declara explícitamente que es un programa emergente.,Nomenclatura oficial de programas SEDEA (analitica.programa),2026-08-13 16:24:06.244061+00
47,"EMERGENTE REACTIVACIÓN ECONÓMICA MÓDULOS D.R. 023, S.J.R.",,EMERGENTE,Regla 10 (EMERGENTE): El nombre del programa declara explícitamente que es un programa emergente.,Nomenclatura oficial de programas SEDEA (analitica.programa),2026-08-13 16:24:06.244061+00
48,PROGRAMA MUNICIPALIZADO,,PRODUCTIVIDAD,"Regla 900 (.*): Regla por defecto: todo lo que no cae en un supuesto emergente se contabiliza como productividad, y se marca con incidencia PROGRAMA_CLASIFICADO_POR_DEFECTO para revisión humana.","Acuerdo de trabajo: catch-all auditable, nunca silencioso",2026-08-13 16:24:06.522473+00
49,"FERIAS, EVENTOS Y APOYO A COTAS",,PRODUCTIVIDAD,"Regla 900 (.*): Regla por defecto: todo lo que no cae en un supuesto emergente se contabiliza como productividad, y se marca con incidencia PROGRAMA_CLASIFICADO_POR_DEFECTO para revisión humana.","Acuerdo de trabajo: catch-all auditable, nunca silencioso",2026-08-13 16:24:06.522473+00
50,TECNIFICACIÓN DE RIEGO,,PRODUCTIVIDAD,"Regla 900 (.*): Regla por defecto: todo lo que no cae en un supuesto emergente se contabiliza como productividad, y se marca con incidencia PROGRAMA_CLASIFICADO_POR_DEFECTO para revisión humana.","Acuerdo de trabajo: catch-all auditable, nunca silencioso",2026-08-13 16:24:06.522473+00
51,"SANIDAD E INOCUIDAD AGROALIMENTARIA 
(ACUÍCOLA, VEGETAL Y PECUARIO)",,EMERGENTE,Regla 50 (SANIDAD|INOCUIDAD|BRIGADAS COMUNITARIAS): Sanidad e inocuidad operan como contención de riesgo fitozoosanitario.,Criterio de política pública SEDEA confirmado con el área (2026-08-12),2026-08-13 16:24:06.454645+00
52,PERFORACIÓN DE POZOS (GASTO CORRIENTE),,PRODUCTIVIDAD,"Regla 900 (.*): Regla por defecto: todo lo que no cae en un supuesto emergente se contabiliza como productividad, y se marca con incidencia PROGRAMA_CLASIFICADO_POR_DEFECTO para revisión humana.","Acuerdo de trabajo: catch-all auditable, nunca silencioso",2026-08-13 16:24:06.522473+00
53,IMPULSO A LA PRODUCTIVIDAD FERTILIZANTE,,PRODUCTIVIDAD,"Regla 900 (.*): Regla por defecto: todo lo que no cae en un supuesto emergente se contabiliza como productividad, y se marca con incidencia PROGRAMA_CLASIFICADO_POR_DEFECTO para revisión humana.","Acuerdo de trabajo: catch-all auditable, nunca silencioso",2026-08-13 16:24:06.522473+00
54,PROGRAMA DE BORDERÍA,,PRODUCTIVIDAD,"Regla 900 (.*): Regla por defecto: todo lo que no cae en un supuesto emergente se contabiliza como productividad, y se marca con incidencia PROGRAMA_CLASIFICADO_POR_DEFECTO para revisión humana.","Acuerdo de trabajo: catch-all auditable, nunca silencioso",2026-08-13 16:24:06.522473+00
55,MANEJO SUSTENTABLE DE AGOSTADEROS,,PRODUCTIVIDAD,"Regla 900 (.*): Regla por defecto: todo lo que no cae en un supuesto emergente se contabiliza como productividad, y se marca con incidencia PROGRAMA_CLASIFICADO_POR_DEFECTO para revisión humana.","Acuerdo de trabajo: catch-all auditable, nunca silencioso",2026-08-13 16:24:06.522473+00
56,EMERGENTE CAPITALIZACIÓN A USUARIOS HIDROAGRÍCOLAS,,EMERGENTE,Regla 10 (EMERGENTE): El nombre del programa declara explícitamente que es un programa emergente.,Nomenclatura oficial de programas SEDEA (analitica.programa),2026-08-13 16:24:06.244061+00
57,ASISTENCIA TÉCNICA,,PRODUCTIVIDAD,"Regla 900 (.*): Regla por defecto: todo lo que no cae en un supuesto emergente se contabiliza como productividad, y se marca con incidencia PROGRAMA_CLASIFICADO_POR_DEFECTO para revisión humana.","Acuerdo de trabajo: catch-all auditable, nunca silencioso",2026-08-13 16:24:06.522473+00
58,SEGURO PORCÍCOLA,,EMERGENTE,"Regla 30 (SEGURO ): Los seguros agrícolas y pecuarios catastróficos cubren pérdidas, no incrementan capacidad productiva.",Criterio de política pública SEDEA confirmado con el área (2026-08-12),2026-08-13 16:24:06.359486+00
59,IMPULSO AL SECTOR VITIVINÍCOLA,,PRODUCTIVIDAD,"Regla 900 (.*): Regla por defecto: todo lo que no cae en un supuesto emergente se contabiliza como productividad, y se marca con incidencia PROGRAMA_CLASIFICADO_POR_DEFECTO para revisión humana.","Acuerdo de trabajo: catch-all auditable, nunca silencioso",2026-08-13 16:24:06.522473+00
60,HUERTOS SUSTENTABLES,,PRODUCTIVIDAD,"Regla 900 (.*): Regla por defecto: todo lo que no cae en un supuesto emergente se contabiliza como productividad, y se marca con incidencia PROGRAMA_CLASIFICADO_POR_DEFECTO para revisión humana.","Acuerdo de trabajo: catch-all auditable, nunca silencioso",2026-08-13 16:24:06.522473+00
61,D.C. SEGURIDAD ALIMENTARIA,,PRODUCTIVIDAD,"Regla 900 (.*): Regla por defecto: todo lo que no cae en un supuesto emergente se contabiliza como productividad, y se marca con incidencia PROGRAMA_CLASIFICADO_POR_DEFECTO para revisión humana.","Acuerdo de trabajo: catch-all auditable, nunca silencioso",2026-08-13 16:24:06.522473+00
62,APOYO ECONÓMICO PARA LIQUIDÉZ,,EMERGENTE,"Regla 40 (LIQUID[EÉ]Z|APOYO ECON[OÓ]MICO PARA LIQUID): Apoyo de liquidez: transferencia para sostener al productor ante una caída, no inversión productiva.",Criterio de política pública SEDEA confirmado con el área (2026-08-12),2026-08-13 16:24:06.405593+00
63,BRIGADAS COMUNITARIAS SANIDAD FORESTAL,,EMERGENTE,Regla 50 (SANIDAD|INOCUIDAD|BRIGADAS COMUNITARIAS): Sanidad e inocuidad operan como contención de riesgo fitozoosanitario.,Criterio de política pública SEDEA confirmado con el área (2026-08-12),2026-08-13 16:24:06.454645+00
64,REFORESTACIÓN Y RESTAURACIÓN INTEGRAL,,PRODUCTIVIDAD,"Regla 900 (.*): Regla por defecto: todo lo que no cae en un supuesto emergente se contabiliza como productividad, y se marca con incidencia PROGRAMA_CLASIFICADO_POR_DEFECTO para revisión humana.","Acuerdo de trabajo: catch-all auditable, nunca silencioso",2026-08-13 16:24:06.522473+00
65,SEGURO AGRÍCOLA CATASTRÓFICO,,EMERGENTE,"Regla 30 (SEGURO ): Los seguros agrícolas y pecuarios catastróficos cubren pérdidas, no incrementan capacidad productiva.",Criterio de política pública SEDEA confirmado con el área (2026-08-12),2026-08-13 16:24:06.359486+00
66,SEGURO PECUARIO CATASTRÓFICO,,EMERGENTE,"Regla 30 (SEGURO ): Los seguros agrícolas y pecuarios catastróficos cubren pérdidas, no incrementan capacidad productiva.",Criterio de política pública SEDEA confirmado con el área (2026-08-12),2026-08-13 16:24:06.359486+00
67,MEJORAMIENTO GENÉTICO GANADERÍA SUSTENTABLE,,PRODUCTIVIDAD,"Regla 900 (.*): Regla por defecto: todo lo que no cae en un supuesto emergente se contabiliza como productividad, y se marca con incidencia PROGRAMA_CLASIFICADO_POR_DEFECTO para revisión humana.","Acuerdo de trabajo: catch-all auditable, nunca silencioso",2026-08-13 16:24:06.522473+00
68,MAÍZ CONSUMO HUMANO,,PRODUCTIVIDAD,"Regla 900 (.*): Regla por defecto: todo lo que no cae en un supuesto emergente se contabiliza como productividad, y se marca con incidencia PROGRAMA_CLASIFICADO_POR_DEFECTO para revisión humana.","Acuerdo de trabajo: catch-all auditable, nunca silencioso",2026-08-13 16:24:06.522473+00
69,"PACAS FORRAJERAS CONCENTRADOS, CISTERNAS Y VIAJES DE AGUA",,PRODUCTIVIDAD,"Regla 900 (.*): Regla por defecto: todo lo que no cae en un supuesto emergente se contabiliza como productividad, y se marca con incidencia PROGRAMA_CLASIFICADO_POR_DEFECTO para revisión humana.","Acuerdo de trabajo: catch-all auditable, nunca silencioso",2026-08-13 16:24:06.522473+00
70,SUPLEMENTO ALIMENCITIO APÍCOLA,,PRODUCTIVIDAD,"Regla 900 (.*): Regla por defecto: todo lo que no cae en un supuesto emergente se contabiliza como productividad, y se marca con incidencia PROGRAMA_CLASIFICADO_POR_DEFECTO para revisión humana.","Acuerdo de trabajo: catch-all auditable, nunca silencioso",2026-08-13 16:24:06.522473+00
71,"SEMILLA DE AVENA, GARBANZO Y MAÍZ",,PRODUCTIVIDAD,"Regla 900 (.*): Regla por defecto: todo lo que no cae en un supuesto emergente se contabiliza como productividad, y se marca con incidencia PROGRAMA_CLASIFICADO_POR_DEFECTO para revisión humana.","Acuerdo de trabajo: catch-all auditable, nunca silencioso",2026-08-13 16:24:06.522473+00
72,SUPLEMENTO ALIMENCITIO ACUÍCOLA,,PRODUCTIVIDAD,"Regla 900 (.*): Regla por defecto: todo lo que no cae en un supuesto emergente se contabiliza como productividad, y se marca con incidencia PROGRAMA_CLASIFICADO_POR_DEFECTO para revisión humana.","Acuerdo de trabajo: catch-all auditable, nunca silencioso",2026-08-13 16:24:06.522473+00
73,REMOLQUES PIPA PARA DISTRIBUCIÓN DE AGUA (6),,PRODUCTIVIDAD,"Regla 900 (.*): Regla por defecto: todo lo que no cae en un supuesto emergente se contabiliza como productividad, y se marca con incidencia PROGRAMA_CLASIFICADO_POR_DEFECTO para revisión humana.","Acuerdo de trabajo: catch-all auditable, nunca silencioso",2026-08-13 16:24:06.522473+00
86,ACTIVOS,,PRODUCTIVIDAD,"Regla 900 (.*): Regla por defecto: todo lo que no cae en un supuesto emergente se contabiliza como productividad, y se marca con incidencia PROGRAMA_CLASIFICADO_POR_DEFECTO para revisión humana.","Acuerdo de trabajo: catch-all auditable, nunca silencioso",2026-08-13 16:24:06.522473+00
87,INVERSIÓN DIRECTA G.E.Q.,,PRODUCTIVIDAD,"Regla 900 (.*): Regla por defecto: todo lo que no cae en un supuesto emergente se contabiliza como productividad, y se marca con incidencia PROGRAMA_CLASIFICADO_POR_DEFECTO para revisión humana.","Acuerdo de trabajo: catch-all auditable, nunca silencioso",2026-08-13 16:24:06.522473+00
88,MINISTERIO DE AGRICULTURA Y DESARROLLO RURAL,,PRODUCTIVIDAD,"Regla 900 (.*): Regla por defecto: todo lo que no cae en un supuesto emergente se contabiliza como productividad, y se marca con incidencia PROGRAMA_CLASIFICADO_POR_DEFECTO para revisión humana.","Acuerdo de trabajo: catch-all auditable, nunca silencioso",2026-08-13 16:24:06.522473+00
89,PROGRAMA DE APOYO A LA INFRAESTRUCTURA HIDROAGRÍCOLA (CONVENIO CON CONAGUA),,PRODUCTIVIDAD,"Regla 900 (.*): Regla por defecto: todo lo que no cae en un supuesto emergente se contabiliza como productividad, y se marca con incidencia PROGRAMA_CLASIFICADO_POR_DEFECTO para revisión humana.","Acuerdo de trabajo: catch-all auditable, nunca silencioso",2026-08-13 16:24:06.522473+00
90,PROGRAMA DE CONCURRENCIA CON LAS ENTIDADES FEDERATIVAS,,PRODUCTIVIDAD,"Regla 900 (.*): Regla por defecto: todo lo que no cae en un supuesto emergente se contabiliza como productividad, y se marca con incidencia PROGRAMA_CLASIFICADO_POR_DEFECTO para revisión humana.","Acuerdo de trabajo: catch-all auditable, nunca silencioso",2026-08-13 16:24:06.522473+00
91,USO SUSTENTABLE DE RECURSOS NATURALES PARA LA PRODUCCIÓN PRIMARIA (SAGARPA),,PRODUCTIVIDAD,"Regla 900 (.*): Regla por defecto: todo lo que no cae en un supuesto emergente se contabiliza como productividad, y se marca con incidencia PROGRAMA_CLASIFICADO_POR_DEFECTO para revisión humana.","Acuerdo de trabajo: catch-all auditable, nunca silencioso",2026-08-13 16:24:06.522473+00
92,FOMENTO A LA PRODUCCIÓN Y PRODUCTIVIDAD (GEQ),,PRODUCTIVIDAD,"Regla 900 (.*): Regla por defecto: todo lo que no cae en un supuesto emergente se contabiliza como productividad, y se marca con incidencia PROGRAMA_CLASIFICADO_POR_DEFECTO para revisión humana.","Acuerdo de trabajo: catch-all auditable, nunca silencioso",2026-08-13 16:24:06.522473+00
93,SUSTENTABILIDAD DE LOS RECURSOS NATURALES (SAGARPA),,PRODUCTIVIDAD,"Regla 900 (.*): Regla por defecto: todo lo que no cae en un supuesto emergente se contabiliza como productividad, y se marca con incidencia PROGRAMA_CLASIFICADO_POR_DEFECTO para revisión humana.","Acuerdo de trabajo: catch-all auditable, nunca silencioso",2026-08-13 16:24:06.522473+00
94,PROGRAMA DE APOYO A LA INVERSIÓN EN EQUIPAMIENTO E INFRAESTRUCTURA,,PRODUCTIVIDAD,"Regla 900 (.*): Regla por defecto: todo lo que no cae en un supuesto emergente se contabiliza como productividad, y se marca con incidencia PROGRAMA_CLASIFICADO_POR_DEFECTO para revisión humana.","Acuerdo de trabajo: catch-all auditable, nunca silencioso",2026-08-13 16:24:06.522473+00
95,PROGRAMA INTEGRAL DE DESARROLLO RURAL (SAGARPA),,PRODUCTIVIDAD,"Regla 900 (.*): Regla por defecto: todo lo que no cae en un supuesto emergente se contabiliza como productividad, y se marca con incidencia PROGRAMA_CLASIFICADO_POR_DEFECTO para revisión humana.","Acuerdo de trabajo: catch-all auditable, nunca silencioso",2026-08-13 16:24:06.522473+00
96,"FOMENTO AL DESARROLLO AGROPECUARIO, FORESTAL Y PESCA 2017-2021 (ESTATAL)",,PRODUCTIVIDAD,"Regla 900 (.*): Regla por defecto: todo lo que no cae en un supuesto emergente se contabiliza como productividad, y se marca con incidencia PROGRAMA_CLASIFICADO_POR_DEFECTO para revisión humana.","Acuerdo de trabajo: catch-all auditable, nunca silencioso",2026-08-13 16:24:06.522473+00
97,PROGRAMA DE ATENCIÓN A CONTINGENCIAS CLIMATOLÓGICAS,,EMERGENTE,"Regla 20 (CONTINGENCIA|SINIESTR|SEQU[IÍ]A|HELADA|DESASTRE|ATÍPIC|ATIPIC|AFECTACION|AFECTACIÓN): Atiende un evento climatológico o siniestro: gasto reactivo, no de fomento a la productividad.",Criterio de política pública SEDEA confirmado con el área (2026-08-12),2026-08-13 16:24:06.295906+00
98,PROGRAMA DE FOMENTO A LA AGRICULTURA (CONVENIO CON SAGARPA),,PRODUCTIVIDAD,"Regla 900 (.*): Regla por defecto: todo lo que no cae en un supuesto emergente se contabiliza como productividad, y se marca con incidencia PROGRAMA_CLASIFICADO_POR_DEFECTO para revisión humana.","Acuerdo de trabajo: catch-all auditable, nunca silencioso",2026-08-13 16:24:06.522473+00
99,PROGRAMA DE PRODUCTIVIDAD RURAL (SAGARPA),,PRODUCTIVIDAD,"Regla 900 (.*): Regla por defecto: todo lo que no cae en un supuesto emergente se contabiliza como productividad, y se marca con incidencia PROGRAMA_CLASIFICADO_POR_DEFECTO para revisión humana.","Acuerdo de trabajo: catch-all auditable, nunca silencioso",2026-08-13 16:24:06.522473+00
100,PROGRAMA DE APOYOS A PEQUEÑOS PRODUCTORES (SAGARPA),,PRODUCTIVIDAD,"Regla 900 (.*): Regla por defecto: todo lo que no cae en un supuesto emergente se contabiliza como productividad, y se marca con incidencia PROGRAMA_CLASIFICADO_POR_DEFECTO para revisión humana.","Acuerdo de trabajo: catch-all auditable, nunca silencioso",2026-08-13 16:24:06.522473+00
101,"PROGRAMA DE FOMENTO A LA AGRICULTURA - 
FOMENTO AL DESARROLLO AGROPECUARIO, FORESTAL Y PESCA 2017-2021",,PRODUCTIVIDAD,"Regla 900 (.*): Regla por defecto: todo lo que no cae en un supuesto emergente se contabiliza como productividad, y se marca con incidencia PROGRAMA_CLASIFICADO_POR_DEFECTO para revisión humana.","Acuerdo de trabajo: catch-all auditable, nunca silencioso",2026-08-13 16:24:06.522473+00
102,PROGRAMA DE APOYOS A PEQUEÑOS PRODUCTORES (SADER),,PRODUCTIVIDAD,"Regla 900 (.*): Regla por defecto: todo lo que no cae en un supuesto emergente se contabiliza como productividad, y se marca con incidencia PROGRAMA_CLASIFICADO_POR_DEFECTO para revisión humana.","Acuerdo de trabajo: catch-all auditable, nunca silencioso",2026-08-13 16:24:06.522473+00
103,"PROGRAMA DE FOMENTO AL DESARROLLO AGROPECUARIO, FORESTAL Y PESCA 2017-2021",,PRODUCTIVIDAD,"Regla 900 (.*): Regla por defecto: todo lo que no cae en un supuesto emergente se contabiliza como productividad, y se marca con incidencia PROGRAMA_CLASIFICADO_POR_DEFECTO para revisión humana.","Acuerdo de trabajo: catch-all auditable, nunca silencioso",2026-08-13 16:24:06.522473+00
104,SIN CLASIFICAR,,PRODUCTIVIDAD,"Regla 900 (.*): Regla por defecto: todo lo que no cae en un supuesto emergente se contabiliza como productividad, y se marca con incidencia PROGRAMA_CLASIFICADO_POR_DEFECTO para revisión humana.","Acuerdo de trabajo: catch-all auditable, nunca silencioso",2026-08-13 16:24:06.522473+00
105,MAÍZ PARA CONSUMO HUMANO,,PRODUCTIVIDAD,"Regla 900 (.*): Regla por defecto: todo lo que no cae en un supuesto emergente se contabiliza como productividad, y se marca con incidencia PROGRAMA_CLASIFICADO_POR_DEFECTO para revisión humana.","Acuerdo de trabajo: catch-all auditable, nunca silencioso",2026-08-13 16:24:06.522473+00
106,FERTILIZANTE QUÍM. UREA,,PRODUCTIVIDAD,"Regla 900 (.*): Regla por defecto: todo lo que no cae en un supuesto emergente se contabiliza como productividad, y se marca con incidencia PROGRAMA_CLASIFICADO_POR_DEFECTO para revisión humana.","Acuerdo de trabajo: catch-all auditable, nunca silencioso",2026-08-13 16:24:06.522473+00
107,AVENA,,PRODUCTIVIDAD,"Regla 900 (.*): Regla por defecto: todo lo que no cae en un supuesto emergente se contabiliza como productividad, y se marca con incidencia PROGRAMA_CLASIFICADO_POR_DEFECTO para revisión humana.","Acuerdo de trabajo: catch-all auditable, nunca silencioso",2026-08-13 16:24:06.522473+00
108,SEMILLA PARA CULTIVOS FORRAJEROS,,PRODUCTIVIDAD,"Regla 900 (.*): Regla por defecto: todo lo que no cae en un supuesto emergente se contabiliza como productividad, y se marca con incidencia PROGRAMA_CLASIFICADO_POR_DEFECTO para revisión humana.","Acuerdo de trabajo: catch-all auditable, nunca silencioso",2026-08-13 16:24:06.522473+00
109,FERTILIZANTE,,PRODUCTIVIDAD,"Regla 900 (.*): Regla por defecto: todo lo que no cae en un supuesto emergente se contabiliza como productividad, y se marca con incidencia PROGRAMA_CLASIFICADO_POR_DEFECTO para revisión humana.","Acuerdo de trabajo: catch-all auditable, nunca silencioso",2026-08-13 16:24:06.522473+00
110,SEMILLA DE AVENA,,PRODUCTIVIDAD,"Regla 900 (.*): Regla por defecto: todo lo que no cae en un supuesto emergente se contabiliza como productividad, y se marca con incidencia PROGRAMA_CLASIFICADO_POR_DEFECTO para revisión humana.","Acuerdo de trabajo: catch-all auditable, nunca silencioso",2026-08-13 16:24:06.522473+00
111,CULTIVADORA,,PRODUCTIVIDAD,"Regla 900 (.*): Regla por defecto: todo lo que no cae en un supuesto emergente se contabiliza como productividad, y se marca con incidencia PROGRAMA_CLASIFICADO_POR_DEFECTO para revisión humana.","Acuerdo de trabajo: catch-all auditable, nunca silencioso",2026-08-13 16:24:06.522473+00
112,MOLINO DE NIXTAMAL,,PRODUCTIVIDAD,"Regla 900 (.*): Regla por defecto: todo lo que no cae en un supuesto emergente se contabiliza como productividad, y se marca con incidencia PROGRAMA_CLASIFICADO_POR_DEFECTO para revisión humana.","Acuerdo de trabajo: catch-all auditable, nunca silencioso",2026-08-13 16:24:06.522473+00
113,REMOLQUE,,PRODUCTIVIDAD,"Regla 900 (.*): Regla por defecto: todo lo que no cae en un supuesto emergente se contabiliza como productividad, y se marca con incidencia PROGRAMA_CLASIFICADO_POR_DEFECTO para revisión humana.","Acuerdo de trabajo: catch-all auditable, nunca silencioso",2026-08-13 16:24:06.522473+00
114,APOYO PARA SANIDAD FORESTAL,,EMERGENTE,Regla 50 (SANIDAD|INOCUIDAD|BRIGADAS COMUNITARIAS): Sanidad e inocuidad operan como contención de riesgo fitozoosanitario.,Criterio de política pública SEDEA confirmado con el área (2026-08-12),2026-08-13 16:24:06.454645+00
115,PACAS FORRAJERAS,,PRODUCTIVIDAD,"Regla 900 (.*): Regla por defecto: todo lo que no cae en un supuesto emergente se contabiliza como productividad, y se marca con incidencia PROGRAMA_CLASIFICADO_POR_DEFECTO para revisión humana.","Acuerdo de trabajo: catch-all auditable, nunca silencioso",2026-08-13 16:24:06.522473+00
116,SEMBRADORA,,PRODUCTIVIDAD,"Regla 900 (.*): Regla por defecto: todo lo que no cae en un supuesto emergente se contabiliza como productividad, y se marca con incidencia PROGRAMA_CLASIFICADO_POR_DEFECTO para revisión humana.","Acuerdo de trabajo: catch-all auditable, nunca silencioso",2026-08-13 16:24:06.522473+00
117,RASTRA,,PRODUCTIVIDAD,"Regla 900 (.*): Regla por defecto: todo lo que no cae en un supuesto emergente se contabiliza como productividad, y se marca con incidencia PROGRAMA_CLASIFICADO_POR_DEFECTO para revisión humana.","Acuerdo de trabajo: catch-all auditable, nunca silencioso",2026-08-13 16:24:06.522473+00
118,SEGADORA IMPLEMENTOS FORRAJEROS,,PRODUCTIVIDAD,"Regla 900 (.*): Regla por defecto: todo lo que no cae en un supuesto emergente se contabiliza como productividad, y se marca con incidencia PROGRAMA_CLASIFICADO_POR_DEFECTO para revisión humana.","Acuerdo de trabajo: catch-all auditable, nunca silencioso",2026-08-13 16:24:06.522473+00
119,FORRAJE,,PRODUCTIVIDAD,"Regla 900 (.*): Regla por defecto: todo lo que no cae en un supuesto emergente se contabiliza como productividad, y se marca con incidencia PROGRAMA_CLASIFICADO_POR_DEFECTO para revisión humana.","Acuerdo de trabajo: catch-all auditable, nunca silencioso",2026-08-13 16:24:06.522473+00
120,EQUIPO PARA ALMACENAMIENTO DE AGUA,,PRODUCTIVIDAD,"Regla 900 (.*): Regla por defecto: todo lo que no cae en un supuesto emergente se contabiliza como productividad, y se marca con incidencia PROGRAMA_CLASIFICADO_POR_DEFECTO para revisión humana.","Acuerdo de trabajo: catch-all auditable, nunca silencioso",2026-08-13 16:24:06.522473+00
121,REMOLQUE USO PRODUCTIVO PECUARIO,,PRODUCTIVIDAD,"Regla 900 (.*): Regla por defecto: todo lo que no cae en un supuesto emergente se contabiliza como productividad, y se marca con incidencia PROGRAMA_CLASIFICADO_POR_DEFECTO para revisión humana.","Acuerdo de trabajo: catch-all auditable, nunca silencioso",2026-08-13 16:24:06.522473+00
122,FERTILIZANTES QUÍMICOS,,PRODUCTIVIDAD,"Regla 900 (.*): Regla por defecto: todo lo que no cae en un supuesto emergente se contabiliza como productividad, y se marca con incidencia PROGRAMA_CLASIFICADO_POR_DEFECTO para revisión humana.","Acuerdo de trabajo: catch-all auditable, nunca silencioso",2026-08-13 16:24:06.522473+00
123,"TINACO DE AL MENOS 5,000 LTS P/HUERTO",,PRODUCTIVIDAD,"Regla 900 (.*): Regla por defecto: todo lo que no cae en un supuesto emergente se contabiliza como productividad, y se marca con incidencia PROGRAMA_CLASIFICADO_POR_DEFECTO para revisión humana.","Acuerdo de trabajo: catch-all auditable, nunca silencioso",2026-08-13 16:24:06.522473+00
124,DESGRANADORA,,PRODUCTIVIDAD,"Regla 900 (.*): Regla por defecto: todo lo que no cae en un supuesto emergente se contabiliza como productividad, y se marca con incidencia PROGRAMA_CLASIFICADO_POR_DEFECTO para revisión humana.","Acuerdo de trabajo: catch-all auditable, nunca silencioso",2026-08-13 16:24:06.522473+00
125,SEGADORA,,PRODUCTIVIDAD,"Regla 900 (.*): Regla por defecto: todo lo que no cae en un supuesto emergente se contabiliza como productividad, y se marca con incidencia PROGRAMA_CLASIFICADO_POR_DEFECTO para revisión humana.","Acuerdo de trabajo: catch-all auditable, nunca silencioso",2026-08-13 16:24:06.522473+00
126,MOTOBOMBA,,PRODUCTIVIDAD,"Regla 900 (.*): Regla por defecto: todo lo que no cae en un supuesto emergente se contabiliza como productividad, y se marca con incidencia PROGRAMA_CLASIFICADO_POR_DEFECTO para revisión humana.","Acuerdo de trabajo: catch-all auditable, nunca silencioso",2026-08-13 16:24:06.522473+00
127,SUPLEMENTO CUNICOLA,,PRODUCTIVIDAD,"Regla 900 (.*): Regla por defecto: todo lo que no cae en un supuesto emergente se contabiliza como productividad, y se marca con incidencia PROGRAMA_CLASIFICADO_POR_DEFECTO para revisión humana.","Acuerdo de trabajo: catch-all auditable, nunca silencioso",2026-08-13 16:24:06.522473+00
128,BIODIGESTOR,,PRODUCTIVIDAD,"Regla 900 (.*): Regla por defecto: todo lo que no cae en un supuesto emergente se contabiliza como productividad, y se marca con incidencia PROGRAMA_CLASIFICADO_POR_DEFECTO para revisión humana.","Acuerdo de trabajo: catch-all auditable, nunca silencioso",2026-08-13 16:24:06.522473+00
129,CARRETILLA,,PRODUCTIVIDAD,"Regla 900 (.*): Regla por defecto: todo lo que no cae en un supuesto emergente se contabiliza como productividad, y se marca con incidencia PROGRAMA_CLASIFICADO_POR_DEFECTO para revisión humana.","Acuerdo de trabajo: catch-all auditable, nunca silencioso",2026-08-13 16:24:06.522473+00
130,DESBROZADORA,,PRODUCTIVIDAD,"Regla 900 (.*): Regla por defecto: todo lo que no cae en un supuesto emergente se contabiliza como productividad, y se marca con incidencia PROGRAMA_CLASIFICADO_POR_DEFECTO para revisión humana.","Acuerdo de trabajo: catch-all auditable, nunca silencioso",2026-08-13 16:24:06.522473+00
131,EQUIPO PARA BOMBEO Y CONDUCCIÓN DE AGUA,,PRODUCTIVIDAD,"Regla 900 (.*): Regla por defecto: todo lo que no cae en un supuesto emergente se contabiliza como productividad, y se marca con incidencia PROGRAMA_CLASIFICADO_POR_DEFECTO para revisión humana.","Acuerdo de trabajo: catch-all auditable, nunca silencioso",2026-08-13 16:24:06.522473+00
132,REMOLQUE USO AGRÍCOLA,,PRODUCTIVIDAD,"Regla 900 (.*): Regla por defecto: todo lo que no cae en un supuesto emergente se contabiliza como productividad, y se marca con incidencia PROGRAMA_CLASIFICADO_POR_DEFECTO para revisión humana.","Acuerdo de trabajo: catch-all auditable, nunca silencioso",2026-08-13 16:24:06.522473+00
133,MATERIAL VEGETATIVO,,PRODUCTIVIDAD,"Regla 900 (.*): Regla por defecto: todo lo que no cae en un supuesto emergente se contabiliza como productividad, y se marca con incidencia PROGRAMA_CLASIFICADO_POR_DEFECTO para revisión humana.","Acuerdo de trabajo: catch-all auditable, nunca silencioso",2026-08-13 16:24:06.522473+00
134,FERTILIZANTE FÓRMULAS ESPECÍFICAS,,PRODUCTIVIDAD,"Regla 900 (.*): Regla por defecto: todo lo que no cae en un supuesto emergente se contabiliza como productividad, y se marca con incidencia PROGRAMA_CLASIFICADO_POR_DEFECTO para revisión humana.","Acuerdo de trabajo: catch-all auditable, nunca silencioso",2026-08-13 16:24:06.522473+00
135,FERTILIZANTE SULFATOS,,PRODUCTIVIDAD,"Regla 900 (.*): Regla por defecto: todo lo que no cae en un supuesto emergente se contabiliza como productividad, y se marca con incidencia PROGRAMA_CLASIFICADO_POR_DEFECTO para revisión humana.","Acuerdo de trabajo: catch-all auditable, nunca silencioso",2026-08-13 16:24:06.522473+00
136,REHABILITACIÓN DE INVERNADERO,,PRODUCTIVIDAD,"Regla 900 (.*): Regla por defecto: todo lo que no cae en un supuesto emergente se contabiliza como productividad, y se marca con incidencia PROGRAMA_CLASIFICADO_POR_DEFECTO para revisión humana.","Acuerdo de trabajo: catch-all auditable, nunca silencioso",2026-08-13 16:24:06.522473+00
137,SEGADORA ENGANCHE A TRACTOR,,PRODUCTIVIDAD,"Regla 900 (.*): Regla por defecto: todo lo que no cae en un supuesto emergente se contabiliza como productividad, y se marca con incidencia PROGRAMA_CLASIFICADO_POR_DEFECTO para revisión humana.","Acuerdo de trabajo: catch-all auditable, nunca silencioso",2026-08-13 16:24:06.522473+00
138,ESTUFA ECOLÓGICA,,PRODUCTIVIDAD,"Regla 900 (.*): Regla por defecto: todo lo que no cae en un supuesto emergente se contabiliza como productividad, y se marca con incidencia PROGRAMA_CLASIFICADO_POR_DEFECTO para revisión humana.","Acuerdo de trabajo: catch-all auditable, nunca silencioso",2026-08-13 16:24:06.522473+00
139,PAQUETE DE PRODUCCIÓN A PEQUEÑA ESCALA,,PRODUCTIVIDAD,"Regla 900 (.*): Regla por defecto: todo lo que no cae en un supuesto emergente se contabiliza como productividad, y se marca con incidencia PROGRAMA_CLASIFICADO_POR_DEFECTO para revisión humana.","Acuerdo de trabajo: catch-all auditable, nunca silencioso",2026-08-13 16:24:06.522473+00
140,APOYO PARA SISTEMA DE RIEGO,,PRODUCTIVIDAD,"Regla 900 (.*): Regla por defecto: todo lo que no cae en un supuesto emergente se contabiliza como productividad, y se marca con incidencia PROGRAMA_CLASIFICADO_POR_DEFECTO para revisión humana.","Acuerdo de trabajo: catch-all auditable, nunca silencioso",2026-08-13 16:24:06.522473+00
141,CERCO DE ALAMBRE DE PÚAS (USO PECUARIO),,PRODUCTIVIDAD,"Regla 900 (.*): Regla por defecto: todo lo que no cae en un supuesto emergente se contabiliza como productividad, y se marca con incidencia PROGRAMA_CLASIFICADO_POR_DEFECTO para revisión humana.","Acuerdo de trabajo: catch-all auditable, nunca silencioso",2026-08-13 16:24:06.522473+00
142,JORNALES E INSUMOS,,PRODUCTIVIDAD,"Regla 900 (.*): Regla por defecto: todo lo que no cae en un supuesto emergente se contabiliza como productividad, y se marca con incidencia PROGRAMA_CLASIFICADO_POR_DEFECTO para revisión humana.","Acuerdo de trabajo: catch-all auditable, nunca silencioso",2026-08-13 16:24:06.522473+00
143,APOYO PARA PAGO DE INTERESES,,PRODUCTIVIDAD,"Regla 900 (.*): Regla por defecto: todo lo que no cae en un supuesto emergente se contabiliza como productividad, y se marca con incidencia PROGRAMA_CLASIFICADO_POR_DEFECTO para revisión humana.","Acuerdo de trabajo: catch-all auditable, nunca silencioso",2026-08-13 16:24:06.522473+00
144,RASTRILLO (IMPLEMENTOS PARA ENGANCHE A TRACTOR),,PRODUCTIVIDAD,"Regla 900 (.*): Regla por defecto: todo lo que no cae en un supuesto emergente se contabiliza como productividad, y se marca con incidencia PROGRAMA_CLASIFICADO_POR_DEFECTO para revisión humana.","Acuerdo de trabajo: catch-all auditable, nunca silencioso",2026-08-13 16:24:06.522473+00
145,FERTILIZADORA ENGANCHE A TRACTOR,,PRODUCTIVIDAD,"Regla 900 (.*): Regla por defecto: todo lo que no cae en un supuesto emergente se contabiliza como productividad, y se marca con incidencia PROGRAMA_CLASIFICADO_POR_DEFECTO para revisión humana.","Acuerdo de trabajo: catch-all auditable, nunca silencioso",2026-08-13 16:24:06.522473+00
146,PARIHUELA,,PRODUCTIVIDAD,"Regla 900 (.*): Regla por defecto: todo lo que no cae en un supuesto emergente se contabiliza como productividad, y se marca con incidencia PROGRAMA_CLASIFICADO_POR_DEFECTO para revisión humana.","Acuerdo de trabajo: catch-all auditable, nunca silencioso",2026-08-13 16:24:06.522473+00
147,"CISTERNA 5,000 LTS",,PRODUCTIVIDAD,"Regla 900 (.*): Regla por defecto: todo lo que no cae en un supuesto emergente se contabiliza como productividad, y se marca con incidencia PROGRAMA_CLASIFICADO_POR_DEFECTO para revisión humana.","Acuerdo de trabajo: catch-all auditable, nunca silencioso",2026-08-13 16:24:06.522473+00
148,ASISTENCIA TÉCNICA Y CAP. GANADERÍA EN AGOSTADERO,,PRODUCTIVIDAD,"Regla 900 (.*): Regla por defecto: todo lo que no cae en un supuesto emergente se contabiliza como productividad, y se marca con incidencia PROGRAMA_CLASIFICADO_POR_DEFECTO para revisión humana.","Acuerdo de trabajo: catch-all auditable, nunca silencioso",2026-08-13 16:24:06.522473+00
149,MOCHILA ASPERSORA,,PRODUCTIVIDAD,"Regla 900 (.*): Regla por defecto: todo lo que no cae en un supuesto emergente se contabiliza como productividad, y se marca con incidencia PROGRAMA_CLASIFICADO_POR_DEFECTO para revisión humana.","Acuerdo de trabajo: catch-all auditable, nunca silencioso",2026-08-13 16:24:06.522473+00
150,SUPLEMENTO MINERAL,,PRODUCTIVIDAD,"Regla 900 (.*): Regla por defecto: todo lo que no cae en un supuesto emergente se contabiliza como productividad, y se marca con incidencia PROGRAMA_CLASIFICADO_POR_DEFECTO para revisión humana.","Acuerdo de trabajo: catch-all auditable, nunca silencioso",2026-08-13 16:24:06.522473+00
151,SEMILLA DE PASTO (USO PECUARIO),,PRODUCTIVIDAD,"Regla 900 (.*): Regla por defecto: todo lo que no cae en un supuesto emergente se contabiliza como productividad, y se marca con incidencia PROGRAMA_CLASIFICADO_POR_DEFECTO para revisión humana.","Acuerdo de trabajo: catch-all auditable, nunca silencioso",2026-08-13 16:24:06.522473+00
152,LINEA DE CONDUCCIÓN,,PRODUCTIVIDAD,"Regla 900 (.*): Regla por defecto: todo lo que no cae en un supuesto emergente se contabiliza como productividad, y se marca con incidencia PROGRAMA_CLASIFICADO_POR_DEFECTO para revisión humana.","Acuerdo de trabajo: catch-all auditable, nunca silencioso",2026-08-13 16:24:06.522473+00
153,PAQUETE TECNOLÓGICO DE INSUMOS PARA PEQUEÑAS UNIDADES DE PRODUCCIÓN AGROPECUARIA,,PRODUCTIVIDAD,"Regla 900 (.*): Regla por defecto: todo lo que no cae en un supuesto emergente se contabiliza como productividad, y se marca con incidencia PROGRAMA_CLASIFICADO_POR_DEFECTO para revisión humana.","Acuerdo de trabajo: catch-all auditable, nunca silencioso",2026-08-13 16:24:06.522473+00
154,GEOMEMBRANA CON ESTRUCTURA,,PRODUCTIVIDAD,"Regla 900 (.*): Regla por defecto: todo lo que no cae en un supuesto emergente se contabiliza como productividad, y se marca con incidencia PROGRAMA_CLASIFICADO_POR_DEFECTO para revisión humana.","Acuerdo de trabajo: catch-all auditable, nunca silencioso",2026-08-13 16:24:06.522473+00
155,PAQUETE PARA HUERTO,,PRODUCTIVIDAD,"Regla 900 (.*): Regla por defecto: todo lo que no cae en un supuesto emergente se contabiliza como productividad, y se marca con incidencia PROGRAMA_CLASIFICADO_POR_DEFECTO para revisión humana.","Acuerdo de trabajo: catch-all auditable, nunca silencioso",2026-08-13 16:24:06.522473+00
156,CONSTRUCCIÓN DE MACROTÚNELES,,PRODUCTIVIDAD,"Regla 900 (.*): Regla por defecto: todo lo que no cae en un supuesto emergente se contabiliza como productividad, y se marca con incidencia PROGRAMA_CLASIFICADO_POR_DEFECTO para revisión humana.","Acuerdo de trabajo: catch-all auditable, nunca silencioso",2026-08-13 16:24:06.522473+00
157,TRACTOR DE 40 A 125 CABALLOS DE FUERZA,,PRODUCTIVIDAD,"Regla 900 (.*): Regla por defecto: todo lo que no cae en un supuesto emergente se contabiliza como productividad, y se marca con incidencia PROGRAMA_CLASIFICADO_POR_DEFECTO para revisión humana.","Acuerdo de trabajo: catch-all auditable, nunca silencioso",2026-08-13 16:24:06.522473+00
158,SEMENTAL,,PRODUCTIVIDAD,"Regla 900 (.*): Regla por defecto: todo lo que no cae en un supuesto emergente se contabiliza como productividad, y se marca con incidencia PROGRAMA_CLASIFICADO_POR_DEFECTO para revisión humana.","Acuerdo de trabajo: catch-all auditable, nunca silencioso",2026-08-13 16:24:06.522473+00
159,CISTERNA DE AL MENOS 5000 (CINCO MIL) LITROS,,PRODUCTIVIDAD,"Regla 900 (.*): Regla por defecto: todo lo que no cae en un supuesto emergente se contabiliza como productividad, y se marca con incidencia PROGRAMA_CLASIFICADO_POR_DEFECTO para revisión humana.","Acuerdo de trabajo: catch-all auditable, nunca silencioso",2026-08-13 16:24:06.522473+00
160,GEOMEMBRANA,,PRODUCTIVIDAD,"Regla 900 (.*): Regla por defecto: todo lo que no cae en un supuesto emergente se contabiliza como productividad, y se marca con incidencia PROGRAMA_CLASIFICADO_POR_DEFECTO para revisión humana.","Acuerdo de trabajo: catch-all auditable, nunca silencioso",2026-08-13 16:24:06.522473+00
161,SUBSUELO,,PRODUCTIVIDAD,"Regla 900 (.*): Regla por defecto: todo lo que no cae en un supuesto emergente se contabiliza como productividad, y se marca con incidencia PROGRAMA_CLASIFICADO_POR_DEFECTO para revisión humana.","Acuerdo de trabajo: catch-all auditable, nunca silencioso",2026-08-13 16:24:06.522473+00
162,"JORNALES, LOTE DE HERRAMIENTAS E INSUMOS",,PRODUCTIVIDAD,"Regla 900 (.*): Regla por defecto: todo lo que no cae en un supuesto emergente se contabiliza como productividad, y se marca con incidencia PROGRAMA_CLASIFICADO_POR_DEFECTO para revisión humana.","Acuerdo de trabajo: catch-all auditable, nunca silencioso",2026-08-13 16:24:06.522473+00
163,BASCULA GANADERA,,PRODUCTIVIDAD,"Regla 900 (.*): Regla por defecto: todo lo que no cae en un supuesto emergente se contabiliza como productividad, y se marca con incidencia PROGRAMA_CLASIFICADO_POR_DEFECTO para revisión humana.","Acuerdo de trabajo: catch-all auditable, nunca silencioso",2026-08-13 16:24:06.522473+00
164,DESAZOLVE DE BORDO,,PRODUCTIVIDAD,"Regla 900 (.*): Regla por defecto: todo lo que no cae en un supuesto emergente se contabiliza como productividad, y se marca con incidencia PROGRAMA_CLASIFICADO_POR_DEFECTO para revisión humana.","Acuerdo de trabajo: catch-all auditable, nunca silencioso",2026-08-13 16:24:06.522473+00
165,ORDEÑADORA,,PRODUCTIVIDAD,"Regla 900 (.*): Regla por defecto: todo lo que no cae en un supuesto emergente se contabiliza como productividad, y se marca con incidencia PROGRAMA_CLASIFICADO_POR_DEFECTO para revisión humana.","Acuerdo de trabajo: catch-all auditable, nunca silencioso",2026-08-13 16:24:06.522473+00
166,TINACO PARA USO AGROPECUARIO,,PRODUCTIVIDAD,"Regla 900 (.*): Regla por defecto: todo lo que no cae en un supuesto emergente se contabiliza como productividad, y se marca con incidencia PROGRAMA_CLASIFICADO_POR_DEFECTO para revisión humana.","Acuerdo de trabajo: catch-all auditable, nunca silencioso",2026-08-13 16:24:06.522473+00
167,REMOLQUE USO PRODUCTIVO,,PRODUCTIVIDAD,"Regla 900 (.*): Regla por defecto: todo lo que no cae en un supuesto emergente se contabiliza como productividad, y se marca con incidencia PROGRAMA_CLASIFICADO_POR_DEFECTO para revisión humana.","Acuerdo de trabajo: catch-all auditable, nunca silencioso",2026-08-13 16:24:06.522473+00
168,EMPACADORA,,PRODUCTIVIDAD,"Regla 900 (.*): Regla por defecto: todo lo que no cae en un supuesto emergente se contabiliza como productividad, y se marca con incidencia PROGRAMA_CLASIFICADO_POR_DEFECTO para revisión humana.","Acuerdo de trabajo: catch-all auditable, nunca silencioso",2026-08-13 16:24:06.522473+00
169,MOLINO PARA FORRAJE,,PRODUCTIVIDAD,"Regla 900 (.*): Regla por defecto: todo lo que no cae en un supuesto emergente se contabiliza como productividad, y se marca con incidencia PROGRAMA_CLASIFICADO_POR_DEFECTO para revisión humana.","Acuerdo de trabajo: catch-all auditable, nunca silencioso",2026-08-13 16:24:06.522473+00
170,APOYOS PARA REFORESTACIÓN,,PRODUCTIVIDAD,"Regla 900 (.*): Regla por defecto: todo lo que no cae en un supuesto emergente se contabiliza como productividad, y se marca con incidencia PROGRAMA_CLASIFICADO_POR_DEFECTO para revisión humana.","Acuerdo de trabajo: catch-all auditable, nunca silencioso",2026-08-13 16:24:06.522473+00
171,ASPERSORA,,PRODUCTIVIDAD,"Regla 900 (.*): Regla por defecto: todo lo que no cae en un supuesto emergente se contabiliza como productividad, y se marca con incidencia PROGRAMA_CLASIFICADO_POR_DEFECTO para revisión humana.","Acuerdo de trabajo: catch-all auditable, nunca silencioso",2026-08-13 16:24:06.522473+00
172,REHABILITACIÓN DE BORDO,,PRODUCTIVIDAD,"Regla 900 (.*): Regla por defecto: todo lo que no cae en un supuesto emergente se contabiliza como productividad, y se marca con incidencia PROGRAMA_CLASIFICADO_POR_DEFECTO para revisión humana.","Acuerdo de trabajo: catch-all auditable, nunca silencioso",2026-08-13 16:24:06.522473+00
173,RASTRILLO,,PRODUCTIVIDAD,"Regla 900 (.*): Regla por defecto: todo lo que no cae en un supuesto emergente se contabiliza como productividad, y se marca con incidencia PROGRAMA_CLASIFICADO_POR_DEFECTO para revisión humana.","Acuerdo de trabajo: catch-all auditable, nunca silencioso",2026-08-13 16:24:06.522473+00
174,RASTRILLO (IMPLEMENTOS FORRAJEROS),,PRODUCTIVIDAD,"Regla 900 (.*): Regla por defecto: todo lo que no cae en un supuesto emergente se contabiliza como productividad, y se marca con incidencia PROGRAMA_CLASIFICADO_POR_DEFECTO para revisión humana.","Acuerdo de trabajo: catch-all auditable, nunca silencioso",2026-08-13 16:24:06.522473+00
175,SUPLEMENTO APÍCOLA,,PRODUCTIVIDAD,"Regla 900 (.*): Regla por defecto: todo lo que no cae en un supuesto emergente se contabiliza como productividad, y se marca con incidencia PROGRAMA_CLASIFICADO_POR_DEFECTO para revisión humana.","Acuerdo de trabajo: catch-all auditable, nunca silencioso",2026-08-13 16:24:06.522473+00
176,SUPLEMENTO ALIMENTICIO PECUARIO,,PRODUCTIVIDAD,"Regla 900 (.*): Regla por defecto: todo lo que no cae en un supuesto emergente se contabiliza como productividad, y se marca con incidencia PROGRAMA_CLASIFICADO_POR_DEFECTO para revisión humana.","Acuerdo de trabajo: catch-all auditable, nunca silencioso",2026-08-13 16:24:06.522473+00
177,SUPLEMENTO ALIMENTICIO APÍCOLA,,PRODUCTIVIDAD,"Regla 900 (.*): Regla por defecto: todo lo que no cae en un supuesto emergente se contabiliza como productividad, y se marca con incidencia PROGRAMA_CLASIFICADO_POR_DEFECTO para revisión humana.","Acuerdo de trabajo: catch-all auditable, nunca silencioso",2026-08-13 16:24:06.522473+00
178,CONSTRUCCIÓN DE INFRAESTRUCTIRA Y EQUIPO P/ ALM. DE AGUA,,PRODUCTIVIDAD,"Regla 900 (.*): Regla por defecto: todo lo que no cae en un supuesto emergente se contabiliza como productividad, y se marca con incidencia PROGRAMA_CLASIFICADO_POR_DEFECTO para revisión humana.","Acuerdo de trabajo: catch-all auditable, nunca silencioso",2026-08-13 16:24:06.522473+00
179,HIDROLAVADORA,,PRODUCTIVIDAD,"Regla 900 (.*): Regla por defecto: todo lo que no cae en un supuesto emergente se contabiliza como productividad, y se marca con incidencia PROGRAMA_CLASIFICADO_POR_DEFECTO para revisión humana.","Acuerdo de trabajo: catch-all auditable, nunca silencioso",2026-08-13 16:24:06.522473+00
180,PRENSA PARA GANADO,,PRODUCTIVIDAD,"Regla 900 (.*): Regla por defecto: todo lo que no cae en un supuesto emergente se contabiliza como productividad, y se marca con incidencia PROGRAMA_CLASIFICADO_POR_DEFECTO para revisión humana.","Acuerdo de trabajo: catch-all auditable, nunca silencioso",2026-08-13 16:24:06.522473+00
181,MEZCLADORA (USO PECUARIO),,PRODUCTIVIDAD,"Regla 900 (.*): Regla por defecto: todo lo que no cae en un supuesto emergente se contabiliza como productividad, y se marca con incidencia PROGRAMA_CLASIFICADO_POR_DEFECTO para revisión humana.","Acuerdo de trabajo: catch-all auditable, nunca silencioso",2026-08-13 16:24:06.522473+00
182,TRACTOR AGRÍCOLA,,PRODUCTIVIDAD,"Regla 900 (.*): Regla por defecto: todo lo que no cae en un supuesto emergente se contabiliza como productividad, y se marca con incidencia PROGRAMA_CLASIFICADO_POR_DEFECTO para revisión humana.","Acuerdo de trabajo: catch-all auditable, nunca silencioso",2026-08-13 16:24:06.522473+00
183,MOLINO PARA FORRAJE (IMPLEMENTOS FORRAJEROS),,PRODUCTIVIDAD,"Regla 900 (.*): Regla por defecto: todo lo que no cae en un supuesto emergente se contabiliza como productividad, y se marca con incidencia PROGRAMA_CLASIFICADO_POR_DEFECTO para revisión humana.","Acuerdo de trabajo: catch-all auditable, nunca silencioso",2026-08-13 16:24:06.522473+00
184,ASPERSORA ENGANCHE A TRACTOR,,PRODUCTIVIDAD,"Regla 900 (.*): Regla por defecto: todo lo que no cae en un supuesto emergente se contabiliza como productividad, y se marca con incidencia PROGRAMA_CLASIFICADO_POR_DEFECTO para revisión humana.","Acuerdo de trabajo: catch-all auditable, nunca silencioso",2026-08-13 16:24:06.522473+00
185,DESAZOLVE DE BORDO CON GEOMEMBRANA,,PRODUCTIVIDAD,"Regla 900 (.*): Regla por defecto: todo lo que no cae en un supuesto emergente se contabiliza como productividad, y se marca con incidencia PROGRAMA_CLASIFICADO_POR_DEFECTO para revisión humana.","Acuerdo de trabajo: catch-all auditable, nunca silencioso",2026-08-13 16:24:06.522473+00
186,VIAJES DE AGUA USO PECUARIO,,PRODUCTIVIDAD,"Regla 900 (.*): Regla por defecto: todo lo que no cae en un supuesto emergente se contabiliza como productividad, y se marca con incidencia PROGRAMA_CLASIFICADO_POR_DEFECTO para revisión humana.","Acuerdo de trabajo: catch-all auditable, nunca silencioso",2026-08-13 16:24:06.522473+00
187,MOLINO DE FORRAJE,,PRODUCTIVIDAD,"Regla 900 (.*): Regla por defecto: todo lo que no cae en un supuesto emergente se contabiliza como productividad, y se marca con incidencia PROGRAMA_CLASIFICADO_POR_DEFECTO para revisión humana.","Acuerdo de trabajo: catch-all auditable, nunca silencioso",2026-08-13 16:24:06.522473+00
188,PAQUETE PEQUEÑA ESCALA,,PRODUCTIVIDAD,"Regla 900 (.*): Regla por defecto: todo lo que no cae en un supuesto emergente se contabiliza como productividad, y se marca con incidencia PROGRAMA_CLASIFICADO_POR_DEFECTO para revisión humana.","Acuerdo de trabajo: catch-all auditable, nunca silencioso",2026-08-13 16:24:06.522473+00
189,EQUIPAMIENTO DE INVERNADERO,,PRODUCTIVIDAD,"Regla 900 (.*): Regla por defecto: todo lo que no cae en un supuesto emergente se contabiliza como productividad, y se marca con incidencia PROGRAMA_CLASIFICADO_POR_DEFECTO para revisión humana.","Acuerdo de trabajo: catch-all auditable, nunca silencioso",2026-08-13 16:24:06.522473+00
190,"CISTERNA DE AL MENOS 5,000 (CINCO MIL) LITROS",,PRODUCTIVIDAD,"Regla 900 (.*): Regla por defecto: todo lo que no cae en un supuesto emergente se contabiliza como productividad, y se marca con incidencia PROGRAMA_CLASIFICADO_POR_DEFECTO para revisión humana.","Acuerdo de trabajo: catch-all auditable, nunca silencioso",2026-08-13 16:24:06.522473+00
191,NIVELADORA,,PRODUCTIVIDAD,"Regla 900 (.*): Regla por defecto: todo lo que no cae en un supuesto emergente se contabiliza como productividad, y se marca con incidencia PROGRAMA_CLASIFICADO_POR_DEFECTO para revisión humana.","Acuerdo de trabajo: catch-all auditable, nunca silencioso",2026-08-13 16:24:06.522473+00
192,LÍNEAS DE CONDUCCIÓN CON HIDRÁNTES,,PRODUCTIVIDAD,"Regla 900 (.*): Regla por defecto: todo lo que no cae en un supuesto emergente se contabiliza como productividad, y se marca con incidencia PROGRAMA_CLASIFICADO_POR_DEFECTO para revisión humana.","Acuerdo de trabajo: catch-all auditable, nunca silencioso",2026-08-13 16:24:06.522473+00
193,PROYECTOS EJECUTIVOS,,PRODUCTIVIDAD,"Regla 900 (.*): Regla por defecto: todo lo que no cae en un supuesto emergente se contabiliza como productividad, y se marca con incidencia PROGRAMA_CLASIFICADO_POR_DEFECTO para revisión humana.","Acuerdo de trabajo: catch-all auditable, nunca silencioso",2026-08-13 16:24:06.522473+00
194,DESMENUZADORA,,PRODUCTIVIDAD,"Regla 900 (.*): Regla por defecto: todo lo que no cae en un supuesto emergente se contabiliza como productividad, y se marca con incidencia PROGRAMA_CLASIFICADO_POR_DEFECTO para revisión humana.","Acuerdo de trabajo: catch-all auditable, nunca silencioso",2026-08-13 16:24:06.522473+00
195,HUERTO FAMILIAR,,PRODUCTIVIDAD,"Regla 900 (.*): Regla por defecto: todo lo que no cae en un supuesto emergente se contabiliza como productividad, y se marca con incidencia PROGRAMA_CLASIFICADO_POR_DEFECTO para revisión humana.","Acuerdo de trabajo: catch-all auditable, nunca silencioso",2026-08-13 16:24:06.522473+00
196,DRON AGRÍCOLA,,PRODUCTIVIDAD,"Regla 900 (.*): Regla por defecto: todo lo que no cae en un supuesto emergente se contabiliza como productividad, y se marca con incidencia PROGRAMA_CLASIFICADO_POR_DEFECTO para revisión humana.","Acuerdo de trabajo: catch-all auditable, nunca silencioso",2026-08-13 16:24:06.522473+00
197,EQUIPAMIENTO Y REHAB. DE SISTEMAS ELECTROMECÁNICOS Y DE ESTRUCTURAS,,PRODUCTIVIDAD,"Regla 900 (.*): Regla por defecto: todo lo que no cae en un supuesto emergente se contabiliza como productividad, y se marca con incidencia PROGRAMA_CLASIFICADO_POR_DEFECTO para revisión humana.","Acuerdo de trabajo: catch-all auditable, nunca silencioso",2026-08-13 16:24:06.522473+00
198,SRT: REHAB. DE SISTEMAS ELECTROMECÁNICOS Y DE ESTRUCTURAS,,PRODUCTIVIDAD,"Regla 900 (.*): Regla por defecto: todo lo que no cae en un supuesto emergente se contabiliza como productividad, y se marca con incidencia PROGRAMA_CLASIFICADO_POR_DEFECTO para revisión humana.","Acuerdo de trabajo: catch-all auditable, nunca silencioso",2026-08-13 16:24:06.522473+00
199,SEMBRADORA DE PRECISIÓN,,PRODUCTIVIDAD,"Regla 900 (.*): Regla por defecto: todo lo que no cae en un supuesto emergente se contabiliza como productividad, y se marca con incidencia PROGRAMA_CLASIFICADO_POR_DEFECTO para revisión humana.","Acuerdo de trabajo: catch-all auditable, nunca silencioso",2026-08-13 16:24:06.522473+00
200,ENSILADORA,,PRODUCTIVIDAD,"Regla 900 (.*): Regla por defecto: todo lo que no cae en un supuesto emergente se contabiliza como productividad, y se marca con incidencia PROGRAMA_CLASIFICADO_POR_DEFECTO para revisión humana.","Acuerdo de trabajo: catch-all auditable, nunca silencioso",2026-08-13 16:24:06.522473+00
201,"JORNALES, INSUMOS, ASISTENCIA TÉCNICA",,PRODUCTIVIDAD,"Regla 900 (.*): Regla por defecto: todo lo que no cae en un supuesto emergente se contabiliza como productividad, y se marca con incidencia PROGRAMA_CLASIFICADO_POR_DEFECTO para revisión humana.","Acuerdo de trabajo: catch-all auditable, nunca silencioso",2026-08-13 16:24:06.522473+00
202,CUCHILLA NIVELADORA,,PRODUCTIVIDAD,"Regla 900 (.*): Regla por defecto: todo lo que no cae en un supuesto emergente se contabiliza como productividad, y se marca con incidencia PROGRAMA_CLASIFICADO_POR_DEFECTO para revisión humana.","Acuerdo de trabajo: catch-all auditable, nunca silencioso",2026-08-13 16:24:06.522473+00
203,CONSTRUCCIÓN DE INVERNADERO,,PRODUCTIVIDAD,"Regla 900 (.*): Regla por defecto: todo lo que no cae en un supuesto emergente se contabiliza como productividad, y se marca con incidencia PROGRAMA_CLASIFICADO_POR_DEFECTO para revisión humana.","Acuerdo de trabajo: catch-all auditable, nunca silencioso",2026-08-13 16:24:06.522473+00
204,CONSTRUCCIÓN DE OLLA PARA ALMACENAMIENTO DE AGUA,,PRODUCTIVIDAD,"Regla 900 (.*): Regla por defecto: todo lo que no cae en un supuesto emergente se contabiliza como productividad, y se marca con incidencia PROGRAMA_CLASIFICADO_POR_DEFECTO para revisión humana.","Acuerdo de trabajo: catch-all auditable, nunca silencioso",2026-08-13 16:24:06.522473+00
205,CONSTRUCCIÓN DE OLLA DE AGUA,,PRODUCTIVIDAD,"Regla 900 (.*): Regla por defecto: todo lo que no cae en un supuesto emergente se contabiliza como productividad, y se marca con incidencia PROGRAMA_CLASIFICADO_POR_DEFECTO para revisión humana.","Acuerdo de trabajo: catch-all auditable, nunca silencioso",2026-08-13 16:24:06.522473+00
206,TRACTOR LIGERO CON IMPLEMENTOS,,PRODUCTIVIDAD,"Regla 900 (.*): Regla por defecto: todo lo que no cae en un supuesto emergente se contabiliza como productividad, y se marca con incidencia PROGRAMA_CLASIFICADO_POR_DEFECTO para revisión humana.","Acuerdo de trabajo: catch-all auditable, nunca silencioso",2026-08-13 16:24:06.522473+00
207,CONTRUCCIÓN DE BORDO PARCELARIO,,PRODUCTIVIDAD,"Regla 900 (.*): Regla por defecto: todo lo que no cae en un supuesto emergente se contabiliza como productividad, y se marca con incidencia PROGRAMA_CLASIFICADO_POR_DEFECTO para revisión humana.","Acuerdo de trabajo: catch-all auditable, nunca silencioso",2026-08-13 16:24:06.522473+00
208,PLUMA DE LEVANTE,,PRODUCTIVIDAD,"Regla 900 (.*): Regla por defecto: todo lo que no cae en un supuesto emergente se contabiliza como productividad, y se marca con incidencia PROGRAMA_CLASIFICADO_POR_DEFECTO para revisión humana.","Acuerdo de trabajo: catch-all auditable, nunca silencioso",2026-08-13 16:24:06.522473+00
209,CARGADOR FRONTAL,,PRODUCTIVIDAD,"Regla 900 (.*): Regla por defecto: todo lo que no cae en un supuesto emergente se contabiliza como productividad, y se marca con incidencia PROGRAMA_CLASIFICADO_POR_DEFECTO para revisión humana.","Acuerdo de trabajo: catch-all auditable, nunca silencioso",2026-08-13 16:24:06.522473+00
210,MOLINO DE MARTILLOS,,PRODUCTIVIDAD,"Regla 900 (.*): Regla por defecto: todo lo que no cae en un supuesto emergente se contabiliza como productividad, y se marca con incidencia PROGRAMA_CLASIFICADO_POR_DEFECTO para revisión humana.","Acuerdo de trabajo: catch-all auditable, nunca silencioso",2026-08-13 16:24:06.522473+00
211,FERTILIZADORA,,PRODUCTIVIDAD,"Regla 900 (.*): Regla por defecto: todo lo que no cae en un supuesto emergente se contabiliza como productividad, y se marca con incidencia PROGRAMA_CLASIFICADO_POR_DEFECTO para revisión humana.","Acuerdo de trabajo: catch-all auditable, nunca silencioso",2026-08-13 16:24:06.522473+00
212,FERTILIZANTE QUÍM. FOSFATO DIAMÓNICO (DAP),,PRODUCTIVIDAD,"Regla 900 (.*): Regla por defecto: todo lo que no cae en un supuesto emergente se contabiliza como productividad, y se marca con incidencia PROGRAMA_CLASIFICADO_POR_DEFECTO para revisión humana.","Acuerdo de trabajo: catch-all auditable, nunca silencioso",2026-08-13 16:24:06.522473+00
213,MOCHILA ASPERSORA Y MOTOBOMBA,,PRODUCTIVIDAD,"Regla 900 (.*): Regla por defecto: todo lo que no cae en un supuesto emergente se contabiliza como productividad, y se marca con incidencia PROGRAMA_CLASIFICADO_POR_DEFECTO para revisión humana.","Acuerdo de trabajo: catch-all auditable, nunca silencioso",2026-08-13 16:24:06.522473+00
214,DESAZOLVE DE PRESA,,PRODUCTIVIDAD,"Regla 900 (.*): Regla por defecto: todo lo que no cae en un supuesto emergente se contabiliza como productividad, y se marca con incidencia PROGRAMA_CLASIFICADO_POR_DEFECTO para revisión humana.","Acuerdo de trabajo: catch-all auditable, nunca silencioso",2026-08-13 16:24:06.522473+00
215,DESVARADORA,,PRODUCTIVIDAD,"Regla 900 (.*): Regla por defecto: todo lo que no cae en un supuesto emergente se contabiliza como productividad, y se marca con incidencia PROGRAMA_CLASIFICADO_POR_DEFECTO para revisión humana.","Acuerdo de trabajo: catch-all auditable, nunca silencioso",2026-08-13 16:24:06.522473+00
216,AVES PARA POSTURA,,PRODUCTIVIDAD,"Regla 900 (.*): Regla por defecto: todo lo que no cae en un supuesto emergente se contabiliza como productividad, y se marca con incidencia PROGRAMA_CLASIFICADO_POR_DEFECTO para revisión humana.","Acuerdo de trabajo: catch-all auditable, nunca silencioso",2026-08-13 16:24:06.522473+00
217,JAULA USO PECUARIO,,PRODUCTIVIDAD,"Regla 900 (.*): Regla por defecto: todo lo que no cae en un supuesto emergente se contabiliza como productividad, y se marca con incidencia PROGRAMA_CLASIFICADO_POR_DEFECTO para revisión humana.","Acuerdo de trabajo: catch-all auditable, nunca silencioso",2026-08-13 16:24:06.522473+00
218,CERCO DE ALAMBRE DE PÚAS,,PRODUCTIVIDAD,"Regla 900 (.*): Regla por defecto: todo lo que no cae en un supuesto emergente se contabiliza como productividad, y se marca con incidencia PROGRAMA_CLASIFICADO_POR_DEFECTO para revisión humana.","Acuerdo de trabajo: catch-all auditable, nunca silencioso",2026-08-13 16:24:06.522473+00
219,PALA FRONTAL ENGANCHE A TRACTOR,,PRODUCTIVIDAD,"Regla 900 (.*): Regla por defecto: todo lo que no cae en un supuesto emergente se contabiliza como productividad, y se marca con incidencia PROGRAMA_CLASIFICADO_POR_DEFECTO para revisión humana.","Acuerdo de trabajo: catch-all auditable, nunca silencioso",2026-08-13 16:24:06.522473+00
220,REHABILITACIÓN OLLA DE AGUA CON GEOMEMBRANA,,PRODUCTIVIDAD,"Regla 900 (.*): Regla por defecto: todo lo que no cae en un supuesto emergente se contabiliza como productividad, y se marca con incidencia PROGRAMA_CLASIFICADO_POR_DEFECTO para revisión humana.","Acuerdo de trabajo: catch-all auditable, nunca silencioso",2026-08-13 16:24:06.522473+00
221,CERCO PROTECCIÓN PARCELA (MALLA),,PRODUCTIVIDAD,"Regla 900 (.*): Regla por defecto: todo lo que no cae en un supuesto emergente se contabiliza como productividad, y se marca con incidencia PROGRAMA_CLASIFICADO_POR_DEFECTO para revisión humana.","Acuerdo de trabajo: catch-all auditable, nunca silencioso",2026-08-13 16:24:06.522473+00
222,CAPACITACIÓN PARA SEGURIDAD ALIMENTARIA,,PRODUCTIVIDAD,"Regla 900 (.*): Regla por defecto: todo lo que no cae en un supuesto emergente se contabiliza como productividad, y se marca con incidencia PROGRAMA_CLASIFICADO_POR_DEFECTO para revisión humana.","Acuerdo de trabajo: catch-all auditable, nunca silencioso",2026-08-13 16:24:06.522473+00
223,SRT: EQUIPAMIENTO Y REHAB. DE SISTEMAS ELECTROMECÁNICOS Y DE ESTRUCTURAS,,PRODUCTIVIDAD,"Regla 900 (.*): Regla por defecto: todo lo que no cae en un supuesto emergente se contabiliza como productividad, y se marca con incidencia PROGRAMA_CLASIFICADO_POR_DEFECTO para revisión humana.","Acuerdo de trabajo: catch-all auditable, nunca silencioso",2026-08-13 16:24:06.522473+00
224,COSECHADOR,,PRODUCTIVIDAD,"Regla 900 (.*): Regla por defecto: todo lo que no cae en un supuesto emergente se contabiliza como productividad, y se marca con incidencia PROGRAMA_CLASIFICADO_POR_DEFECTO para revisión humana.","Acuerdo de trabajo: catch-all auditable, nunca silencioso",2026-08-13 16:24:06.522473+00
225,EQUIPO PARA CONSERVACIÓN DE FORRAJE,,PRODUCTIVIDAD,"Regla 900 (.*): Regla por defecto: todo lo que no cae en un supuesto emergente se contabiliza como productividad, y se marca con incidencia PROGRAMA_CLASIFICADO_POR_DEFECTO para revisión humana.","Acuerdo de trabajo: catch-all auditable, nunca silencioso",2026-08-13 16:24:06.522473+00
226,CONTRUCCION DE BORDO,,PRODUCTIVIDAD,"Regla 900 (.*): Regla por defecto: todo lo que no cae en un supuesto emergente se contabiliza como productividad, y se marca con incidencia PROGRAMA_CLASIFICADO_POR_DEFECTO para revisión humana.","Acuerdo de trabajo: catch-all auditable, nunca silencioso",2026-08-13 16:24:06.522473+00
227,PACAS FORRAJERAS Y/O SUPLEMENTOS PECUARIOS,,PRODUCTIVIDAD,"Regla 900 (.*): Regla por defecto: todo lo que no cae en un supuesto emergente se contabiliza como productividad, y se marca con incidencia PROGRAMA_CLASIFICADO_POR_DEFECTO para revisión humana.","Acuerdo de trabajo: catch-all auditable, nunca silencioso",2026-08-13 16:24:06.522473+00
228,CONSTRUCCIÓN DE OLLA DE AGUA CON GEOMEMBRANA,,PRODUCTIVIDAD,"Regla 900 (.*): Regla por defecto: todo lo que no cae en un supuesto emergente se contabiliza como productividad, y se marca con incidencia PROGRAMA_CLASIFICADO_POR_DEFECTO para revisión humana.","Acuerdo de trabajo: catch-all auditable, nunca silencioso",2026-08-13 16:24:06.522473+00
229,DESVARADORA (IMPLEMENTOS FORRAJEROS),,PRODUCTIVIDAD,"Regla 900 (.*): Regla por defecto: todo lo que no cae en un supuesto emergente se contabiliza como productividad, y se marca con incidencia PROGRAMA_CLASIFICADO_POR_DEFECTO para revisión humana.","Acuerdo de trabajo: catch-all auditable, nunca silencioso",2026-08-13 16:24:06.522473+00
230,COSECHADORA,,PRODUCTIVIDAD,"Regla 900 (.*): Regla por defecto: todo lo que no cae en un supuesto emergente se contabiliza como productividad, y se marca con incidencia PROGRAMA_CLASIFICADO_POR_DEFECTO para revisión humana.","Acuerdo de trabajo: catch-all auditable, nunca silencioso",2026-08-13 16:24:06.522473+00
231,SISTEMA DE COSECHA DE AGUA DE LLUVIA (ÁREA CAPTACIÓN Y DEPÓSITO DE AGUA),,PRODUCTIVIDAD,"Regla 900 (.*): Regla por defecto: todo lo que no cae en un supuesto emergente se contabiliza como productividad, y se marca con incidencia PROGRAMA_CLASIFICADO_POR_DEFECTO para revisión humana.","Acuerdo de trabajo: catch-all auditable, nunca silencioso",2026-08-13 16:24:06.522473+00
232,TERMO CRIOGÉNICO,,PRODUCTIVIDAD,"Regla 900 (.*): Regla por defecto: todo lo que no cae en un supuesto emergente se contabiliza como productividad, y se marca con incidencia PROGRAMA_CLASIFICADO_POR_DEFECTO para revisión humana.","Acuerdo de trabajo: catch-all auditable, nunca silencioso",2026-08-13 16:24:06.522473+00
233,REHABILITACIÓN DE MACROTÚNELES,,PRODUCTIVIDAD,"Regla 900 (.*): Regla por defecto: todo lo que no cae en un supuesto emergente se contabiliza como productividad, y se marca con incidencia PROGRAMA_CLASIFICADO_POR_DEFECTO para revisión humana.","Acuerdo de trabajo: catch-all auditable, nunca silencioso",2026-08-13 16:24:06.522473+00
234,GEOMEMBRANA DE 30X15X4  POR 7 DE PROFUNDIDAD,,PRODUCTIVIDAD,"Regla 900 (.*): Regla por defecto: todo lo que no cae en un supuesto emergente se contabiliza como productividad, y se marca con incidencia PROGRAMA_CLASIFICADO_POR_DEFECTO para revisión humana.","Acuerdo de trabajo: catch-all auditable, nunca silencioso",2026-08-13 16:24:06.522473+00
235,"CISTERNA 10,000 LTS",,PRODUCTIVIDAD,"Regla 900 (.*): Regla por defecto: todo lo que no cae en un supuesto emergente se contabiliza como productividad, y se marca con incidencia PROGRAMA_CLASIFICADO_POR_DEFECTO para revisión humana.","Acuerdo de trabajo: catch-all auditable, nunca silencioso",2026-08-13 16:24:06.522473+00
236,SISTEMA DE BOMBEO SOLAR P/ RIEGO,,PRODUCTIVIDAD,"Regla 900 (.*): Regla por defecto: todo lo que no cae en un supuesto emergente se contabiliza como productividad, y se marca con incidencia PROGRAMA_CLASIFICADO_POR_DEFECTO para revisión humana.","Acuerdo de trabajo: catch-all auditable, nunca silencioso",2026-08-13 16:24:06.522473+00
237,CONSTRUCCIÓN DE OLLA  PARA ALMACENAMIENTO DE AGUA (INCLUYE GEOMEMBRANA),,PRODUCTIVIDAD,"Regla 900 (.*): Regla por defecto: todo lo que no cae en un supuesto emergente se contabiliza como productividad, y se marca con incidencia PROGRAMA_CLASIFICADO_POR_DEFECTO para revisión humana.","Acuerdo de trabajo: catch-all auditable, nunca silencioso",2026-08-13 16:24:06.522473+00
238,MOTOCULTOR CON IMPLEMENTOS,,PRODUCTIVIDAD,"Regla 900 (.*): Regla por defecto: todo lo que no cae en un supuesto emergente se contabiliza como productividad, y se marca con incidencia PROGRAMA_CLASIFICADO_POR_DEFECTO para revisión humana.","Acuerdo de trabajo: catch-all auditable, nunca silencioso",2026-08-13 16:24:06.522473+00
239,CONSTRUCCIÓN DE MICROTÚNELES,,PRODUCTIVIDAD,"Regla 900 (.*): Regla por defecto: todo lo que no cae en un supuesto emergente se contabiliza como productividad, y se marca con incidencia PROGRAMA_CLASIFICADO_POR_DEFECTO para revisión humana.","Acuerdo de trabajo: catch-all auditable, nunca silencioso",2026-08-13 16:24:06.522473+00
240,APOYO PARA PESCA O ACUACULTURA,,PRODUCTIVIDAD,"Regla 900 (.*): Regla por defecto: todo lo que no cae en un supuesto emergente se contabiliza como productividad, y se marca con incidencia PROGRAMA_CLASIFICADO_POR_DEFECTO para revisión humana.","Acuerdo de trabajo: catch-all auditable, nunca silencioso",2026-08-13 16:24:06.522473+00
241,MOTOCULTOR,,PRODUCTIVIDAD,"Regla 900 (.*): Regla por defecto: todo lo que no cae en un supuesto emergente se contabiliza como productividad, y se marca con incidencia PROGRAMA_CLASIFICADO_POR_DEFECTO para revisión humana.","Acuerdo de trabajo: catch-all auditable, nunca silencioso",2026-08-13 16:24:06.522473+00
242,DESBROZADORA Y MOLINO DE NIXTAMAL,,PRODUCTIVIDAD,"Regla 900 (.*): Regla por defecto: todo lo que no cae en un supuesto emergente se contabiliza como productividad, y se marca con incidencia PROGRAMA_CLASIFICADO_POR_DEFECTO para revisión humana.","Acuerdo de trabajo: catch-all auditable, nunca silencioso",2026-08-13 16:24:06.522473+00
243,MEZCLADORA,,PRODUCTIVIDAD,"Regla 900 (.*): Regla por defecto: todo lo que no cae en un supuesto emergente se contabiliza como productividad, y se marca con incidencia PROGRAMA_CLASIFICADO_POR_DEFECTO para revisión humana.","Acuerdo de trabajo: catch-all auditable, nunca silencioso",2026-08-13 16:24:06.522473+00
244,EQUIPAMIENTO DE POZO,,PRODUCTIVIDAD,"Regla 900 (.*): Regla por defecto: todo lo que no cae en un supuesto emergente se contabiliza como productividad, y se marca con incidencia PROGRAMA_CLASIFICADO_POR_DEFECTO para revisión humana.","Acuerdo de trabajo: catch-all auditable, nunca silencioso",2026-08-13 16:24:06.522473+00
245,MALLAS DE PROTECCIÓN,,PRODUCTIVIDAD,"Regla 900 (.*): Regla por defecto: todo lo que no cae en un supuesto emergente se contabiliza como productividad, y se marca con incidencia PROGRAMA_CLASIFICADO_POR_DEFECTO para revisión humana.","Acuerdo de trabajo: catch-all auditable, nunca silencioso",2026-08-13 16:24:06.522473+00
246,SEMILLA GRANOS BÁSICOS,,PRODUCTIVIDAD,"Regla 900 (.*): Regla por defecto: todo lo que no cae en un supuesto emergente se contabiliza como productividad, y se marca con incidencia PROGRAMA_CLASIFICADO_POR_DEFECTO para revisión humana.","Acuerdo de trabajo: catch-all auditable, nunca silencioso",2026-08-13 16:24:06.522473+00
247,REHABILITACION DE SISTEMA DE RIEGO,,PRODUCTIVIDAD,"Regla 900 (.*): Regla por defecto: todo lo que no cae en un supuesto emergente se contabiliza como productividad, y se marca con incidencia PROGRAMA_CLASIFICADO_POR_DEFECTO para revisión humana.","Acuerdo de trabajo: catch-all auditable, nunca silencioso",2026-08-13 16:24:06.522473+00
248,REHABILITACIÓN DE PRESA,,PRODUCTIVIDAD,"Regla 900 (.*): Regla por defecto: todo lo que no cae en un supuesto emergente se contabiliza como productividad, y se marca con incidencia PROGRAMA_CLASIFICADO_POR_DEFECTO para revisión humana.","Acuerdo de trabajo: catch-all auditable, nunca silencioso",2026-08-13 16:24:06.522473+00
249,GEOMEMBRANA PARA BORDO DE 30 METROS CUADRADOS POR 5 METROS DE ALTURA,,PRODUCTIVIDAD,"Regla 900 (.*): Regla por defecto: todo lo que no cae en un supuesto emergente se contabiliza como productividad, y se marca con incidencia PROGRAMA_CLASIFICADO_POR_DEFECTO para revisión humana.","Acuerdo de trabajo: catch-all auditable, nunca silencioso",2026-08-13 16:24:06.522473+00
250,SEMILLA HORTALIZAS,,PRODUCTIVIDAD,"Regla 900 (.*): Regla por defecto: todo lo que no cae en un supuesto emergente se contabiliza como productividad, y se marca con incidencia PROGRAMA_CLASIFICADO_POR_DEFECTO para revisión humana.","Acuerdo de trabajo: catch-all auditable, nunca silencioso",2026-08-13 16:24:06.522473+00
251,CONSTRUCCIÓN DE BORDO PARCELARIO,,PRODUCTIVIDAD,"Regla 900 (.*): Regla por defecto: todo lo que no cae en un supuesto emergente se contabiliza como productividad, y se marca con incidencia PROGRAMA_CLASIFICADO_POR_DEFECTO para revisión humana.","Acuerdo de trabajo: catch-all auditable, nunca silencioso",2026-08-13 16:24:06.522473+00
252,ASESORÍA TÉCNICA,,PRODUCTIVIDAD,"Regla 900 (.*): Regla por defecto: todo lo que no cae en un supuesto emergente se contabiliza como productividad, y se marca con incidencia PROGRAMA_CLASIFICADO_POR_DEFECTO para revisión humana.","Acuerdo de trabajo: catch-all auditable, nunca silencioso",2026-08-13 16:24:06.522473+00
253,SEMBRADORA FERTLIZADORA,,PRODUCTIVIDAD,"Regla 900 (.*): Regla por defecto: todo lo que no cae en un supuesto emergente se contabiliza como productividad, y se marca con incidencia PROGRAMA_CLASIFICADO_POR_DEFECTO para revisión humana.","Acuerdo de trabajo: catch-all auditable, nunca silencioso",2026-08-13 16:24:06.522473+00
254,REHABILITACIÓN Y DESAZOLVE DE BORDO,,PRODUCTIVIDAD,"Regla 900 (.*): Regla por defecto: todo lo que no cae en un supuesto emergente se contabiliza como productividad, y se marca con incidencia PROGRAMA_CLASIFICADO_POR_DEFECTO para revisión humana.","Acuerdo de trabajo: catch-all auditable, nunca silencioso",2026-08-13 16:24:06.522473+00
255,GEOMEMBRANA E INSTALACIÓN,,PRODUCTIVIDAD,"Regla 900 (.*): Regla por defecto: todo lo que no cae en un supuesto emergente se contabiliza como productividad, y se marca con incidencia PROGRAMA_CLASIFICADO_POR_DEFECTO para revisión humana.","Acuerdo de trabajo: catch-all auditable, nunca silencioso",2026-08-13 16:24:06.522473+00
256,SISTEMA DE COSECHA DE AGUA DE LLUVIA,,PRODUCTIVIDAD,"Regla 900 (.*): Regla por defecto: todo lo que no cae en un supuesto emergente se contabiliza como productividad, y se marca con incidencia PROGRAMA_CLASIFICADO_POR_DEFECTO para revisión humana.","Acuerdo de trabajo: catch-all auditable, nunca silencioso",2026-08-13 16:24:06.522473+00
257,APOYO POR AFECTACIONES POR PRECIPITACIONES ATÍPICAS,,EMERGENTE,"Regla 20 (CONTINGENCIA|SINIESTR|SEQU[IÍ]A|HELADA|DESASTRE|ATÍPIC|ATIPIC|AFECTACION|AFECTACIÓN): Atiende un evento climatológico o siniestro: gasto reactivo, no de fomento a la productividad.",Criterio de política pública SEDEA confirmado con el área (2026-08-12),2026-08-13 16:24:06.295906+00
258,SISTEMA COSECHA AGUA DE LLUVIA (ÁREA CAPTACIÓN),,PRODUCTIVIDAD,"Regla 900 (.*): Regla por defecto: todo lo que no cae en un supuesto emergente se contabiliza como productividad, y se marca con incidencia PROGRAMA_CLASIFICADO_POR_DEFECTO para revisión humana.","Acuerdo de trabajo: catch-all auditable, nunca silencioso",2026-08-13 16:24:06.522473+00
259,ALIMENTO CONCENTRADO,,PRODUCTIVIDAD,"Regla 900 (.*): Regla por defecto: todo lo que no cae en un supuesto emergente se contabiliza como productividad, y se marca con incidencia PROGRAMA_CLASIFICADO_POR_DEFECTO para revisión humana.","Acuerdo de trabajo: catch-all auditable, nunca silencioso",2026-08-13 16:24:06.522473+00
260,SEMILLA DE GARBANZO,,PRODUCTIVIDAD,"Regla 900 (.*): Regla por defecto: todo lo que no cae en un supuesto emergente se contabiliza como productividad, y se marca con incidencia PROGRAMA_CLASIFICADO_POR_DEFECTO para revisión humana.","Acuerdo de trabajo: catch-all auditable, nunca silencioso",2026-08-13 16:24:06.522473+00
261,TINACOS PARA USO AGROPECUARIO,,PRODUCTIVIDAD,"Regla 900 (.*): Regla por defecto: todo lo que no cae en un supuesto emergente se contabiliza como productividad, y se marca con incidencia PROGRAMA_CLASIFICADO_POR_DEFECTO para revisión humana.","Acuerdo de trabajo: catch-all auditable, nunca silencioso",2026-08-13 16:24:06.522473+00
262,GARBANZO,,PRODUCTIVIDAD,"Regla 900 (.*): Regla por defecto: todo lo que no cae en un supuesto emergente se contabiliza como productividad, y se marca con incidencia PROGRAMA_CLASIFICADO_POR_DEFECTO para revisión humana.","Acuerdo de trabajo: catch-all auditable, nunca silencioso",2026-08-13 16:24:06.522473+00
263,BEBEDEROS,,PRODUCTIVIDAD,"Regla 900 (.*): Regla por defecto: todo lo que no cae en un supuesto emergente se contabiliza como productividad, y se marca con incidencia PROGRAMA_CLASIFICADO_POR_DEFECTO para revisión humana.","Acuerdo de trabajo: catch-all auditable, nunca silencioso",2026-08-13 16:24:06.522473+00
264,SEMILLA DE PASTO,,PRODUCTIVIDAD,"Regla 900 (.*): Regla por defecto: todo lo que no cae en un supuesto emergente se contabiliza como productividad, y se marca con incidencia PROGRAMA_CLASIFICADO_POR_DEFECTO para revisión humana.","Acuerdo de trabajo: catch-all auditable, nunca silencioso",2026-08-13 16:24:06.522473+00
265,AGUA PARA USO PECUARIO,,PRODUCTIVIDAD,"Regla 900 (.*): Regla por defecto: todo lo que no cae en un supuesto emergente se contabiliza como productividad, y se marca con incidencia PROGRAMA_CLASIFICADO_POR_DEFECTO para revisión humana.","Acuerdo de trabajo: catch-all auditable, nunca silencioso",2026-08-13 16:24:06.522473+00
266,"TINACO DE HASTA 10,000 LTS",,PRODUCTIVIDAD,"Regla 900 (.*): Regla por defecto: todo lo que no cae en un supuesto emergente se contabiliza como productividad, y se marca con incidencia PROGRAMA_CLASIFICADO_POR_DEFECTO para revisión humana.","Acuerdo de trabajo: catch-all auditable, nunca silencioso",2026-08-13 16:24:06.522473+00
267,ALIMENTO ACUÍCOLA,,PRODUCTIVIDAD,"Regla 900 (.*): Regla por defecto: todo lo que no cae en un supuesto emergente se contabiliza como productividad, y se marca con incidencia PROGRAMA_CLASIFICADO_POR_DEFECTO para revisión humana.","Acuerdo de trabajo: catch-all auditable, nunca silencioso",2026-08-13 16:24:06.522473+00
268,ALAMBRE DE PÚAS,,PRODUCTIVIDAD,"Regla 900 (.*): Regla por defecto: todo lo que no cae en un supuesto emergente se contabiliza como productividad, y se marca con incidencia PROGRAMA_CLASIFICADO_POR_DEFECTO para revisión humana.","Acuerdo de trabajo: catch-all auditable, nunca silencioso",2026-08-13 16:24:06.522473+00
269,ALEVINES,,PRODUCTIVIDAD,"Regla 900 (.*): Regla por defecto: todo lo que no cae en un supuesto emergente se contabiliza como productividad, y se marca con incidencia PROGRAMA_CLASIFICADO_POR_DEFECTO para revisión humana.","Acuerdo de trabajo: catch-all auditable, nunca silencioso",2026-08-13 16:24:06.522473+00
270,TINACO DE AL MENOS 5000 LTS P/HUERTO,,PRODUCTIVIDAD,"Regla 900 (.*): Regla por defecto: todo lo que no cae en un supuesto emergente se contabiliza como productividad, y se marca con incidencia PROGRAMA_CLASIFICADO_POR_DEFECTO para revisión humana.","Acuerdo de trabajo: catch-all auditable, nunca silencioso",2026-08-13 16:24:06.522473+00
271,SEMENTALES BOVINO CON REGISTRO,,PRODUCTIVIDAD,"Regla 900 (.*): Regla por defecto: todo lo que no cae en un supuesto emergente se contabiliza como productividad, y se marca con incidencia PROGRAMA_CLASIFICADO_POR_DEFECTO para revisión humana.","Acuerdo de trabajo: catch-all auditable, nunca silencioso",2026-08-13 16:24:06.522473+00
272,CERCO ELÉCTRICO,,PRODUCTIVIDAD,"Regla 900 (.*): Regla por defecto: todo lo que no cae en un supuesto emergente se contabiliza como productividad, y se marca con incidencia PROGRAMA_CLASIFICADO_POR_DEFECTO para revisión humana.","Acuerdo de trabajo: catch-all auditable, nunca silencioso",2026-08-13 16:24:06.522473+00
273,SEMENTAL BOVINO,,PRODUCTIVIDAD,"Regla 900 (.*): Regla por defecto: todo lo que no cae en un supuesto emergente se contabiliza como productividad, y se marca con incidencia PROGRAMA_CLASIFICADO_POR_DEFECTO para revisión humana.","Acuerdo de trabajo: catch-all auditable, nunca silencioso",2026-08-13 16:24:06.522473+00
274,SEMOVIENTES,,PRODUCTIVIDAD,"Regla 900 (.*): Regla por defecto: todo lo que no cae en un supuesto emergente se contabiliza como productividad, y se marca con incidencia PROGRAMA_CLASIFICADO_POR_DEFECTO para revisión humana.","Acuerdo de trabajo: catch-all auditable, nunca silencioso",2026-08-13 16:24:06.522473+00
275,TINACO 5000 LTS,,PRODUCTIVIDAD,"Regla 900 (.*): Regla por defecto: todo lo que no cae en un supuesto emergente se contabiliza como productividad, y se marca con incidencia PROGRAMA_CLASIFICADO_POR_DEFECTO para revisión humana.","Acuerdo de trabajo: catch-all auditable, nunca silencioso",2026-08-13 16:24:06.522473+00
276,"CISTERNA DE 5000 LTS ,MOLINO DE NIXTMAL, ASPERSORA MANUAL",,PRODUCTIVIDAD,"Regla 900 (.*): Regla por defecto: todo lo que no cae en un supuesto emergente se contabiliza como productividad, y se marca con incidencia PROGRAMA_CLASIFICADO_POR_DEFECTO para revisión humana.","Acuerdo de trabajo: catch-all auditable, nunca silencioso",2026-08-13 16:24:06.522473+00
277,SISTEMA DE RIEGO POR GOTEO,,PRODUCTIVIDAD,"Regla 900 (.*): Regla por defecto: todo lo que no cae en un supuesto emergente se contabiliza como productividad, y se marca con incidencia PROGRAMA_CLASIFICADO_POR_DEFECTO para revisión humana.","Acuerdo de trabajo: catch-all auditable, nunca silencioso",2026-08-13 16:24:06.522473+00
278,REMOLQUE PIPA,,PRODUCTIVIDAD,"Regla 900 (.*): Regla por defecto: todo lo que no cae en un supuesto emergente se contabiliza como productividad, y se marca con incidencia PROGRAMA_CLASIFICADO_POR_DEFECTO para revisión humana.","Acuerdo de trabajo: catch-all auditable, nunca silencioso",2026-08-13 16:24:06.522473+00
279,TINACO 10000 LTS,,PRODUCTIVIDAD,"Regla 900 (.*): Regla por defecto: todo lo que no cae en un supuesto emergente se contabiliza como productividad, y se marca con incidencia PROGRAMA_CLASIFICADO_POR_DEFECTO para revisión humana.","Acuerdo de trabajo: catch-all auditable, nunca silencioso",2026-08-13 16:24:06.522473+00
280,"DESBROZADORA ,FUMIGADORA PULVERIZADORA",,PRODUCTIVIDAD,"Regla 900 (.*): Regla por defecto: todo lo que no cae en un supuesto emergente se contabiliza como productividad, y se marca con incidencia PROGRAMA_CLASIFICADO_POR_DEFECTO para revisión humana.","Acuerdo de trabajo: catch-all auditable, nunca silencioso",2026-08-13 16:24:06.522473+00
281,CARRO MEZCLADOR,,PRODUCTIVIDAD,"Regla 900 (.*): Regla por defecto: todo lo que no cae en un supuesto emergente se contabiliza como productividad, y se marca con incidencia PROGRAMA_CLASIFICADO_POR_DEFECTO para revisión humana.","Acuerdo de trabajo: catch-all auditable, nunca silencioso",2026-08-13 16:24:06.522473+00
282,PANELES SOLARES,,PRODUCTIVIDAD,"Regla 900 (.*): Regla por defecto: todo lo que no cae en un supuesto emergente se contabiliza como productividad, y se marca con incidencia PROGRAMA_CLASIFICADO_POR_DEFECTO para revisión humana.","Acuerdo de trabajo: catch-all auditable, nunca silencioso",2026-08-13 16:24:06.522473+00
283,LÍNEA DE CONDUCCIÓN DE AGUA,,PRODUCTIVIDAD,"Regla 900 (.*): Regla por defecto: todo lo que no cae en un supuesto emergente se contabiliza como productividad, y se marca con incidencia PROGRAMA_CLASIFICADO_POR_DEFECTO para revisión humana.","Acuerdo de trabajo: catch-all auditable, nunca silencioso",2026-08-13 16:24:06.522473+00
284,VIENTRES BOVINO,,PRODUCTIVIDAD,"Regla 900 (.*): Regla por defecto: todo lo que no cae en un supuesto emergente se contabiliza como productividad, y se marca con incidencia PROGRAMA_CLASIFICADO_POR_DEFECTO para revisión humana.","Acuerdo de trabajo: catch-all auditable, nunca silencioso",2026-08-13 16:24:06.522473+00
285,SISTEMA COSECHA AGUA DE LLUVIA (DEPÓSITO DE AGUA),,PRODUCTIVIDAD,"Regla 900 (.*): Regla por defecto: todo lo que no cae en un supuesto emergente se contabiliza como productividad, y se marca con incidencia PROGRAMA_CLASIFICADO_POR_DEFECTO para revisión humana.","Acuerdo de trabajo: catch-all auditable, nunca silencioso",2026-08-13 16:24:06.522473+00
286,APOYO PARA CERCO DE ALAMBRE DE PÚAS,,PRODUCTIVIDAD,"Regla 900 (.*): Regla por defecto: todo lo que no cae en un supuesto emergente se contabiliza como productividad, y se marca con incidencia PROGRAMA_CLASIFICADO_POR_DEFECTO para revisión humana.","Acuerdo de trabajo: catch-all auditable, nunca silencioso",2026-08-13 16:24:06.522473+00
287,"TINACO 5000 LTS, MOLINO DE NIXTAMAL, DESBROZADORA",,PRODUCTIVIDAD,"Regla 900 (.*): Regla por defecto: todo lo que no cae en un supuesto emergente se contabiliza como productividad, y se marca con incidencia PROGRAMA_CLASIFICADO_POR_DEFECTO para revisión humana.","Acuerdo de trabajo: catch-all auditable, nunca silencioso",2026-08-13 16:24:06.522473+00
288,COLMENA COMPLETA,,PRODUCTIVIDAD,"Regla 900 (.*): Regla por defecto: todo lo que no cae en un supuesto emergente se contabiliza como productividad, y se marca con incidencia PROGRAMA_CLASIFICADO_POR_DEFECTO para revisión humana.","Acuerdo de trabajo: catch-all auditable, nunca silencioso",2026-08-13 16:24:06.522473+00
289,SRT: REHAB. DE SISTEMA DE RIEGO POR GOTEO,,PRODUCTIVIDAD,"Regla 900 (.*): Regla por defecto: todo lo que no cae en un supuesto emergente se contabiliza como productividad, y se marca con incidencia PROGRAMA_CLASIFICADO_POR_DEFECTO para revisión humana.","Acuerdo de trabajo: catch-all auditable, nunca silencioso",2026-08-13 16:24:06.522473+00
290,RED PARA COSECHA (ACUÍCOLA),,PRODUCTIVIDAD,"Regla 900 (.*): Regla por defecto: todo lo que no cae en un supuesto emergente se contabiliza como productividad, y se marca con incidencia PROGRAMA_CLASIFICADO_POR_DEFECTO para revisión humana.","Acuerdo de trabajo: catch-all auditable, nunca silencioso",2026-08-13 16:24:06.522473+00
291,PROYECTOS ESTRATEGICOS PECUARIOS,,PRODUCTIVIDAD,"Regla 900 (.*): Regla por defecto: todo lo que no cae en un supuesto emergente se contabiliza como productividad, y se marca con incidencia PROGRAMA_CLASIFICADO_POR_DEFECTO para revisión humana.","Acuerdo de trabajo: catch-all auditable, nunca silencioso",2026-08-13 16:24:06.522473+00
292,CERCO PARA PROTECCIÓN DE BORDO,,PRODUCTIVIDAD,"Regla 900 (.*): Regla por defecto: todo lo que no cae en un supuesto emergente se contabiliza como productividad, y se marca con incidencia PROGRAMA_CLASIFICADO_POR_DEFECTO para revisión humana.","Acuerdo de trabajo: catch-all auditable, nunca silencioso",2026-08-13 16:24:06.522473+00
293,PROYECTO ESTRATÉGICO,,PRODUCTIVIDAD,"Regla 900 (.*): Regla por defecto: todo lo que no cae en un supuesto emergente se contabiliza como productividad, y se marca con incidencia PROGRAMA_CLASIFICADO_POR_DEFECTO para revisión humana.","Acuerdo de trabajo: catch-all auditable, nunca silencioso",2026-08-13 16:24:06.522473+00
294,VIENTRES BOVINO CÁRNICO O DOBLE PROPÓSITO GESTANTE CON REGISTRO,,PRODUCTIVIDAD,"Regla 900 (.*): Regla por defecto: todo lo que no cae en un supuesto emergente se contabiliza como productividad, y se marca con incidencia PROGRAMA_CLASIFICADO_POR_DEFECTO para revisión humana.","Acuerdo de trabajo: catch-all auditable, nunca silencioso",2026-08-13 16:24:06.522473+00
295,COMEDERO,,PRODUCTIVIDAD,"Regla 900 (.*): Regla por defecto: todo lo que no cae en un supuesto emergente se contabiliza como productividad, y se marca con incidencia PROGRAMA_CLASIFICADO_POR_DEFECTO para revisión humana.","Acuerdo de trabajo: catch-all auditable, nunca silencioso",2026-08-13 16:24:06.522473+00
296,EQUIPO PARA PROD. Y TRANSFORMACIÓN DE MIEL,,PRODUCTIVIDAD,"Regla 900 (.*): Regla por defecto: todo lo que no cae en un supuesto emergente se contabiliza como productividad, y se marca con incidencia PROGRAMA_CLASIFICADO_POR_DEFECTO para revisión humana.","Acuerdo de trabajo: catch-all auditable, nunca silencioso",2026-08-13 16:24:06.522473+00
297,ASPERSORA (ENGANCHE A TRACTOR),,PRODUCTIVIDAD,"Regla 900 (.*): Regla por defecto: todo lo que no cae en un supuesto emergente se contabiliza como productividad, y se marca con incidencia PROGRAMA_CLASIFICADO_POR_DEFECTO para revisión humana.","Acuerdo de trabajo: catch-all auditable, nunca silencioso",2026-08-13 16:24:06.522473+00
298,HORNO MOVIL,,PRODUCTIVIDAD,"Regla 900 (.*): Regla por defecto: todo lo que no cae en un supuesto emergente se contabiliza como productividad, y se marca con incidencia PROGRAMA_CLASIFICADO_POR_DEFECTO para revisión humana.","Acuerdo de trabajo: catch-all auditable, nunca silencioso",2026-08-13 16:24:06.522473+00
299,PROYECTO ESTRATÉGICO (TECHUMBRE PARA CENTRO DE ACOPIO),,PRODUCTIVIDAD,"Regla 900 (.*): Regla por defecto: todo lo que no cae en un supuesto emergente se contabiliza como productividad, y se marca con incidencia PROGRAMA_CLASIFICADO_POR_DEFECTO para revisión humana.","Acuerdo de trabajo: catch-all auditable, nunca silencioso",2026-08-13 16:24:06.522473+00
300,PROYECTO ESTRATÉGICO (MAQUINA TORTILLADORA),,PRODUCTIVIDAD,"Regla 900 (.*): Regla por defecto: todo lo que no cae en un supuesto emergente se contabiliza como productividad, y se marca con incidencia PROGRAMA_CLASIFICADO_POR_DEFECTO para revisión humana.","Acuerdo de trabajo: catch-all auditable, nunca silencioso",2026-08-13 16:24:06.522473+00
301,CERCO DE PROTECCIÓN DE PARCELAS,,PRODUCTIVIDAD,"Regla 900 (.*): Regla por defecto: todo lo que no cae en un supuesto emergente se contabiliza como productividad, y se marca con incidencia PROGRAMA_CLASIFICADO_POR_DEFECTO para revisión humana.","Acuerdo de trabajo: catch-all auditable, nunca silencioso",2026-08-13 16:24:06.522473+00
302,SUSTITUCIÓN DE EMBARCACIÓN FIBRA DE VIDRIO P/PESCA COMERCIAL,,PRODUCTIVIDAD,"Regla 900 (.*): Regla por defecto: todo lo que no cae en un supuesto emergente se contabiliza como productividad, y se marca con incidencia PROGRAMA_CLASIFICADO_POR_DEFECTO para revisión humana.","Acuerdo de trabajo: catch-all auditable, nunca silencioso",2026-08-13 16:24:06.522473+00
303,PROYECTO ESTRATÉGICO (ESTRACTOR INDUSTRIAL),,PRODUCTIVIDAD,"Regla 900 (.*): Regla por defecto: todo lo que no cae en un supuesto emergente se contabiliza como productividad, y se marca con incidencia PROGRAMA_CLASIFICADO_POR_DEFECTO para revisión humana.","Acuerdo de trabajo: catch-all auditable, nunca silencioso",2026-08-13 16:24:06.522473+00
304,REMOLQUE DE USO PRODUCTIVO,,PRODUCTIVIDAD,"Regla 900 (.*): Regla por defecto: todo lo que no cae en un supuesto emergente se contabiliza como productividad, y se marca con incidencia PROGRAMA_CLASIFICADO_POR_DEFECTO para revisión humana.","Acuerdo de trabajo: catch-all auditable, nunca silencioso",2026-08-13 16:24:06.522473+00
305,MATERIAL VEGETATIVO (MAGUEY),,PRODUCTIVIDAD,"Regla 900 (.*): Regla por defecto: todo lo que no cae en un supuesto emergente se contabiliza como productividad, y se marca con incidencia PROGRAMA_CLASIFICADO_POR_DEFECTO para revisión humana.","Acuerdo de trabajo: catch-all auditable, nunca silencioso",2026-08-13 16:24:06.522473+00
306,VIENTRES OVINO,,PRODUCTIVIDAD,"Regla 900 (.*): Regla por defecto: todo lo que no cae en un supuesto emergente se contabiliza como productividad, y se marca con incidencia PROGRAMA_CLASIFICADO_POR_DEFECTO para revisión humana.","Acuerdo de trabajo: catch-all auditable, nunca silencioso",2026-08-13 16:24:06.522473+00
307,PAQUETE DE TRACTOR LIGERO DE HASTA 3 IMPLEMENTOS,,PRODUCTIVIDAD,"Regla 900 (.*): Regla por defecto: todo lo que no cae en un supuesto emergente se contabiliza como productividad, y se marca con incidencia PROGRAMA_CLASIFICADO_POR_DEFECTO para revisión humana.","Acuerdo de trabajo: catch-all auditable, nunca silencioso",2026-08-13 16:24:06.522473+00
308,ULTRASONIDO PARA DIAGNOSTICO DE GESTACIÓN,,PRODUCTIVIDAD,"Regla 900 (.*): Regla por defecto: todo lo que no cae en un supuesto emergente se contabiliza como productividad, y se marca con incidencia PROGRAMA_CLASIFICADO_POR_DEFECTO para revisión humana.","Acuerdo de trabajo: catch-all auditable, nunca silencioso",2026-08-13 16:24:06.522473+00
309,CORTADORA HILERADORA DE FRIJOL,,PRODUCTIVIDAD,"Regla 900 (.*): Regla por defecto: todo lo que no cae en un supuesto emergente se contabiliza como productividad, y se marca con incidencia PROGRAMA_CLASIFICADO_POR_DEFECTO para revisión humana.","Acuerdo de trabajo: catch-all auditable, nunca silencioso",2026-08-13 16:24:06.522473+00
310,HUERTO SUSTENTABLE,,PRODUCTIVIDAD,"Regla 900 (.*): Regla por defecto: todo lo que no cae en un supuesto emergente se contabiliza como productividad, y se marca con incidencia PROGRAMA_CLASIFICADO_POR_DEFECTO para revisión humana.","Acuerdo de trabajo: catch-all auditable, nunca silencioso",2026-08-13 16:24:06.522473+00
311,EMBARCACIÓN DE FIBRA DE VIDRIO,,PRODUCTIVIDAD,"Regla 900 (.*): Regla por defecto: todo lo que no cae en un supuesto emergente se contabiliza como productividad, y se marca con incidencia PROGRAMA_CLASIFICADO_POR_DEFECTO para revisión humana.","Acuerdo de trabajo: catch-all auditable, nunca silencioso",2026-08-13 16:24:06.522473+00
312,REHABILITACIÓN Y/O EQUIPAMIENTO DE INVERNADEROS 694.8 M2,,PRODUCTIVIDAD,"Regla 900 (.*): Regla por defecto: todo lo que no cae en un supuesto emergente se contabiliza como productividad, y se marca con incidencia PROGRAMA_CLASIFICADO_POR_DEFECTO para revisión humana.","Acuerdo de trabajo: catch-all auditable, nunca silencioso",2026-08-13 16:24:06.522473+00
313,REHABILITACIÓN DE GEOMEMBRANA,,PRODUCTIVIDAD,"Regla 900 (.*): Regla por defecto: todo lo que no cae en un supuesto emergente se contabiliza como productividad, y se marca con incidencia PROGRAMA_CLASIFICADO_POR_DEFECTO para revisión humana.","Acuerdo de trabajo: catch-all auditable, nunca silencioso",2026-08-13 16:24:06.522473+00
314,MOTOR ECOLÓGICO FUERA DE BORDA,,PRODUCTIVIDAD,"Regla 900 (.*): Regla por defecto: todo lo que no cae en un supuesto emergente se contabiliza como productividad, y se marca con incidencia PROGRAMA_CLASIFICADO_POR_DEFECTO para revisión humana.","Acuerdo de trabajo: catch-all auditable, nunca silencioso",2026-08-13 16:24:06.522473+00
315,SEMOVIENTES (VIENTRES PORCINOS),,PRODUCTIVIDAD,"Regla 900 (.*): Regla por defecto: todo lo que no cae en un supuesto emergente se contabiliza como productividad, y se marca con incidencia PROGRAMA_CLASIFICADO_POR_DEFECTO para revisión humana.","Acuerdo de trabajo: catch-all auditable, nunca silencioso",2026-08-13 16:24:06.522473+00
316,REHABILITACION DE BORDO CON GEOMEMBRANA,,PRODUCTIVIDAD,"Regla 900 (.*): Regla por defecto: todo lo que no cae en un supuesto emergente se contabiliza como productividad, y se marca con incidencia PROGRAMA_CLASIFICADO_POR_DEFECTO para revisión humana.","Acuerdo de trabajo: catch-all auditable, nunca silencioso",2026-08-13 16:24:06.522473+00
317,LÍNEA DE CONDUCCIÓN DE AGUA USO PECUARIO,,PRODUCTIVIDAD,"Regla 900 (.*): Regla por defecto: todo lo que no cae en un supuesto emergente se contabiliza como productividad, y se marca con incidencia PROGRAMA_CLASIFICADO_POR_DEFECTO para revisión humana.","Acuerdo de trabajo: catch-all auditable, nunca silencioso",2026-08-13 16:24:06.522473+00
318,CERCADO DE PROTECCIÓN Y COMPONENTES COMPLEMENTARIOS,,PRODUCTIVIDAD,"Regla 900 (.*): Regla por defecto: todo lo que no cae en un supuesto emergente se contabiliza como productividad, y se marca con incidencia PROGRAMA_CLASIFICADO_POR_DEFECTO para revisión humana.","Acuerdo de trabajo: catch-all auditable, nunca silencioso",2026-08-13 16:24:06.522473+00
319,APOYO PARA PROYECTO PRODUCTIVO AGRÍCOLA,,PRODUCTIVIDAD,"Regla 900 (.*): Regla por defecto: todo lo que no cae en un supuesto emergente se contabiliza como productividad, y se marca con incidencia PROGRAMA_CLASIFICADO_POR_DEFECTO para revisión humana.","Acuerdo de trabajo: catch-all auditable, nunca silencioso",2026-08-13 16:24:06.522473+00
320,PAPALOTE,,PRODUCTIVIDAD,"Regla 900 (.*): Regla por defecto: todo lo que no cae en un supuesto emergente se contabiliza como productividad, y se marca con incidencia PROGRAMA_CLASIFICADO_POR_DEFECTO para revisión humana.","Acuerdo de trabajo: catch-all auditable, nunca silencioso",2026-08-13 16:24:06.522473+00
321,"PROYECTO ESTRATÉGICO (DEPÓSITO PARA ALMACENAMIENTO DE AGUA, 1RA. ETAPA DE SISTEMA DE RIEGO)",,PRODUCTIVIDAD,"Regla 900 (.*): Regla por defecto: todo lo que no cae en un supuesto emergente se contabiliza como productividad, y se marca con incidencia PROGRAMA_CLASIFICADO_POR_DEFECTO para revisión humana.","Acuerdo de trabajo: catch-all auditable, nunca silencioso",2026-08-13 16:24:06.522473+00
322,FERTIRRIEGO PARA INVERNADERO,,PRODUCTIVIDAD,"Regla 900 (.*): Regla por defecto: todo lo que no cae en un supuesto emergente se contabiliza como productividad, y se marca con incidencia PROGRAMA_CLASIFICADO_POR_DEFECTO para revisión humana.","Acuerdo de trabajo: catch-all auditable, nunca silencioso",2026-08-13 16:24:06.522473+00
323,VIENTRES PORCINO,,PRODUCTIVIDAD,"Regla 900 (.*): Regla por defecto: todo lo que no cae en un supuesto emergente se contabiliza como productividad, y se marca con incidencia PROGRAMA_CLASIFICADO_POR_DEFECTO para revisión humana.","Acuerdo de trabajo: catch-all auditable, nunca silencioso",2026-08-13 16:24:06.522473+00
324,REHABILITACIÓN Y/O EQUIPAMIENTO DE INVERNADEROS,,PRODUCTIVIDAD,"Regla 900 (.*): Regla por defecto: todo lo que no cae en un supuesto emergente se contabiliza como productividad, y se marca con incidencia PROGRAMA_CLASIFICADO_POR_DEFECTO para revisión humana.","Acuerdo de trabajo: catch-all auditable, nunca silencioso",2026-08-13 16:24:06.522473+00
325,CONSTRUCCIÓN Y/O REHAB. DE INFRAESTRUCTURA Y EQUIPO P/CONDUCCIÓN DE AGUA,,PRODUCTIVIDAD,"Regla 900 (.*): Regla por defecto: todo lo que no cae en un supuesto emergente se contabiliza como productividad, y se marca con incidencia PROGRAMA_CLASIFICADO_POR_DEFECTO para revisión humana.","Acuerdo de trabajo: catch-all auditable, nunca silencioso",2026-08-13 16:24:06.522473+00
326,CONGELADOR (ACUÍCOLA),,PRODUCTIVIDAD,"Regla 900 (.*): Regla por defecto: todo lo que no cae en un supuesto emergente se contabiliza como productividad, y se marca con incidencia PROGRAMA_CLASIFICADO_POR_DEFECTO para revisión humana.","Acuerdo de trabajo: catch-all auditable, nunca silencioso",2026-08-13 16:24:06.522473+00
327,REHAB. DE SISTEMA DE RIEGO POR GOTEO,,PRODUCTIVIDAD,"Regla 900 (.*): Regla por defecto: todo lo que no cae en un supuesto emergente se contabiliza como productividad, y se marca con incidencia PROGRAMA_CLASIFICADO_POR_DEFECTO para revisión humana.","Acuerdo de trabajo: catch-all auditable, nunca silencioso",2026-08-13 16:24:06.522473+00
328,TRACTOR,,PRODUCTIVIDAD,"Regla 900 (.*): Regla por defecto: todo lo que no cae en un supuesto emergente se contabiliza como productividad, y se marca con incidencia PROGRAMA_CLASIFICADO_POR_DEFECTO para revisión humana.","Acuerdo de trabajo: catch-all auditable, nunca silencioso",2026-08-13 16:24:06.522473+00
329,BOVINO CON REGISTRO GENEALOGICO,,PRODUCTIVIDAD,"Regla 900 (.*): Regla por defecto: todo lo que no cae en un supuesto emergente se contabiliza como productividad, y se marca con incidencia PROGRAMA_CLASIFICADO_POR_DEFECTO para revisión humana.","Acuerdo de trabajo: catch-all auditable, nunca silencioso",2026-08-13 16:24:06.522473+00
330,REHABILITACION DE SISTEMA DE RIEGO 4HA,,PRODUCTIVIDAD,"Regla 900 (.*): Regla por defecto: todo lo que no cae en un supuesto emergente se contabiliza como productividad, y se marca con incidencia PROGRAMA_CLASIFICADO_POR_DEFECTO para revisión humana.","Acuerdo de trabajo: catch-all auditable, nunca silencioso",2026-08-13 16:24:06.522473+00
331,REMOLQUE DE USO PRODUCTIVO (AGRICOLA),,PRODUCTIVIDAD,"Regla 900 (.*): Regla por defecto: todo lo que no cae en un supuesto emergente se contabiliza como productividad, y se marca con incidencia PROGRAMA_CLASIFICADO_POR_DEFECTO para revisión humana.","Acuerdo de trabajo: catch-all auditable, nunca silencioso",2026-08-13 16:24:06.522473+00
332,SISTEMA DE RIEGO,,PRODUCTIVIDAD,"Regla 900 (.*): Regla por defecto: todo lo que no cae en un supuesto emergente se contabiliza como productividad, y se marca con incidencia PROGRAMA_CLASIFICADO_POR_DEFECTO para revisión humana.","Acuerdo de trabajo: catch-all auditable, nunca silencioso",2026-08-13 16:24:06.522473+00
333,JAULA DE USO PECUARIO,,PRODUCTIVIDAD,"Regla 900 (.*): Regla por defecto: todo lo que no cae en un supuesto emergente se contabiliza como productividad, y se marca con incidencia PROGRAMA_CLASIFICADO_POR_DEFECTO para revisión humana.","Acuerdo de trabajo: catch-all auditable, nunca silencioso",2026-08-13 16:24:06.522473+00
334,SISTEMA DE RIEGO POR ASPERSIÓN,,PRODUCTIVIDAD,"Regla 900 (.*): Regla por defecto: todo lo que no cae en un supuesto emergente se contabiliza como productividad, y se marca con incidencia PROGRAMA_CLASIFICADO_POR_DEFECTO para revisión humana.","Acuerdo de trabajo: catch-all auditable, nunca silencioso",2026-08-13 16:24:06.522473+00
335,SISTEMA DE RIEGO POR MULTICOMPUERTAS,,PRODUCTIVIDAD,"Regla 900 (.*): Regla por defecto: todo lo que no cae en un supuesto emergente se contabiliza como productividad, y se marca con incidencia PROGRAMA_CLASIFICADO_POR_DEFECTO para revisión humana.","Acuerdo de trabajo: catch-all auditable, nunca silencioso",2026-08-13 16:24:06.522473+00
336,REMOLQUE DE USO PRODUCTIVO (GANADERO),,PRODUCTIVIDAD,"Regla 900 (.*): Regla por defecto: todo lo que no cae en un supuesto emergente se contabiliza como productividad, y se marca con incidencia PROGRAMA_CLASIFICADO_POR_DEFECTO para revisión humana.","Acuerdo de trabajo: catch-all auditable, nunca silencioso",2026-08-13 16:24:06.522473+00
337,APOYO PARA PRODUCCIÓN APÍCOLA,,PRODUCTIVIDAD,"Regla 900 (.*): Regla por defecto: todo lo que no cae en un supuesto emergente se contabiliza como productividad, y se marca con incidencia PROGRAMA_CLASIFICADO_POR_DEFECTO para revisión humana.","Acuerdo de trabajo: catch-all auditable, nunca silencioso",2026-08-13 16:24:06.522473+00
338,REHABILITACION DE SISTEMA DE RIEGO 3HA,,PRODUCTIVIDAD,"Regla 900 (.*): Regla por defecto: todo lo que no cae en un supuesto emergente se contabiliza como productividad, y se marca con incidencia PROGRAMA_CLASIFICADO_POR_DEFECTO para revisión humana.","Acuerdo de trabajo: catch-all auditable, nunca silencioso",2026-08-13 16:24:06.522473+00
339,VIENTRES BOVINOS GESTANTES,,PRODUCTIVIDAD,"Regla 900 (.*): Regla por defecto: todo lo que no cae en un supuesto emergente se contabiliza como productividad, y se marca con incidencia PROGRAMA_CLASIFICADO_POR_DEFECTO para revisión humana.","Acuerdo de trabajo: catch-all auditable, nunca silencioso",2026-08-13 16:24:06.522473+00
340,SISTEMA DE RIEGO (MULTICOMPUERTAS),,PRODUCTIVIDAD,"Regla 900 (.*): Regla por defecto: todo lo que no cae en un supuesto emergente se contabiliza como productividad, y se marca con incidencia PROGRAMA_CLASIFICADO_POR_DEFECTO para revisión humana.","Acuerdo de trabajo: catch-all auditable, nunca silencioso",2026-08-13 16:24:06.522473+00
341,SEMBRADORA NEUMATICA DE PRECISION,,PRODUCTIVIDAD,"Regla 900 (.*): Regla por defecto: todo lo que no cae en un supuesto emergente se contabiliza como productividad, y se marca con incidencia PROGRAMA_CLASIFICADO_POR_DEFECTO para revisión humana.","Acuerdo de trabajo: catch-all auditable, nunca silencioso",2026-08-13 16:24:06.522473+00
342,REHABILITACION DE SISTEMA DE RIEGO 2HA,,PRODUCTIVIDAD,"Regla 900 (.*): Regla por defecto: todo lo que no cae en un supuesto emergente se contabiliza como productividad, y se marca con incidencia PROGRAMA_CLASIFICADO_POR_DEFECTO para revisión humana.","Acuerdo de trabajo: catch-all auditable, nunca silencioso",2026-08-13 16:24:06.522473+00
343,MOLINO MEZCLADOR (USO PECUARIO),,PRODUCTIVIDAD,"Regla 900 (.*): Regla por defecto: todo lo que no cae en un supuesto emergente se contabiliza como productividad, y se marca con incidencia PROGRAMA_CLASIFICADO_POR_DEFECTO para revisión humana.","Acuerdo de trabajo: catch-all auditable, nunca silencioso",2026-08-13 16:24:06.522473+00
344,MOLINO FORRAJERO,,PRODUCTIVIDAD,"Regla 900 (.*): Regla por defecto: todo lo que no cae en un supuesto emergente se contabiliza como productividad, y se marca con incidencia PROGRAMA_CLASIFICADO_POR_DEFECTO para revisión humana.","Acuerdo de trabajo: catch-all auditable, nunca silencioso",2026-08-13 16:24:06.522473+00
345,APOYO PARA PROYECTO PRODUCTIVO FORESTAL,,PRODUCTIVIDAD,"Regla 900 (.*): Regla por defecto: todo lo que no cae en un supuesto emergente se contabiliza como productividad, y se marca con incidencia PROGRAMA_CLASIFICADO_POR_DEFECTO para revisión humana.","Acuerdo de trabajo: catch-all auditable, nunca silencioso",2026-08-13 16:24:06.522473+00
346,COMEDEROS DE USO PECUARIO,,PRODUCTIVIDAD,"Regla 900 (.*): Regla por defecto: todo lo que no cae en un supuesto emergente se contabiliza como productividad, y se marca con incidencia PROGRAMA_CLASIFICADO_POR_DEFECTO para revisión humana.","Acuerdo de trabajo: catch-all auditable, nunca silencioso",2026-08-13 16:24:06.522473+00
347,SISTEMA DE RIEGO 3HA,,PRODUCTIVIDAD,"Regla 900 (.*): Regla por defecto: todo lo que no cae en un supuesto emergente se contabiliza como productividad, y se marca con incidencia PROGRAMA_CLASIFICADO_POR_DEFECTO para revisión humana.","Acuerdo de trabajo: catch-all auditable, nunca silencioso",2026-08-13 16:24:06.522473+00
348,PANEL SOLAR,,PRODUCTIVIDAD,"Regla 900 (.*): Regla por defecto: todo lo que no cae en un supuesto emergente se contabiliza como productividad, y se marca con incidencia PROGRAMA_CLASIFICADO_POR_DEFECTO para revisión humana.","Acuerdo de trabajo: catch-all auditable, nunca silencioso",2026-08-13 16:24:06.522473+00
349,CERCO DE PROTECCION DE PARCELAS 1.5HA,,PRODUCTIVIDAD,"Regla 900 (.*): Regla por defecto: todo lo que no cae en un supuesto emergente se contabiliza como productividad, y se marca con incidencia PROGRAMA_CLASIFICADO_POR_DEFECTO para revisión humana.","Acuerdo de trabajo: catch-all auditable, nunca silencioso",2026-08-13 16:24:06.522473+00
350,CARRO MEZCLADOR USO PECUARIO,,PRODUCTIVIDAD,"Regla 900 (.*): Regla por defecto: todo lo que no cae en un supuesto emergente se contabiliza como productividad, y se marca con incidencia PROGRAMA_CLASIFICADO_POR_DEFECTO para revisión humana.","Acuerdo de trabajo: catch-all auditable, nunca silencioso",2026-08-13 16:24:06.522473+00
351,REMOLQUE DE USO PRODUCTIVO (HIDRAHULICO),,PRODUCTIVIDAD,"Regla 900 (.*): Regla por defecto: todo lo que no cae en un supuesto emergente se contabiliza como productividad, y se marca con incidencia PROGRAMA_CLASIFICADO_POR_DEFECTO para revisión humana.","Acuerdo de trabajo: catch-all auditable, nunca silencioso",2026-08-13 16:24:06.522473+00
352,REHABILITACION DE INVERNADERO (PLASTICO),,PRODUCTIVIDAD,"Regla 900 (.*): Regla por defecto: todo lo que no cae en un supuesto emergente se contabiliza como productividad, y se marca con incidencia PROGRAMA_CLASIFICADO_POR_DEFECTO para revisión humana.","Acuerdo de trabajo: catch-all auditable, nunca silencioso",2026-08-13 16:24:06.522473+00
353,SUMINISTRO Y COLOCACION Y TERMOFUSION DE GEOMEMBRANA,,PRODUCTIVIDAD,"Regla 900 (.*): Regla por defecto: todo lo que no cae en un supuesto emergente se contabiliza como productividad, y se marca con incidencia PROGRAMA_CLASIFICADO_POR_DEFECTO para revisión humana.","Acuerdo de trabajo: catch-all auditable, nunca silencioso",2026-08-13 16:24:06.522473+00
354,NÚCLEOS DE ABEJAS,,PRODUCTIVIDAD,"Regla 900 (.*): Regla por defecto: todo lo que no cae en un supuesto emergente se contabiliza como productividad, y se marca con incidencia PROGRAMA_CLASIFICADO_POR_DEFECTO para revisión humana.","Acuerdo de trabajo: catch-all auditable, nunca silencioso",2026-08-13 16:24:06.522473+00
355,SIST. DE RIEGO MULTICOMPUERTAS Y LÍNEAS DE CONDUCCIÓN C/HIDRANTES,,PRODUCTIVIDAD,"Regla 900 (.*): Regla por defecto: todo lo que no cae en un supuesto emergente se contabiliza como productividad, y se marca con incidencia PROGRAMA_CLASIFICADO_POR_DEFECTO para revisión humana.","Acuerdo de trabajo: catch-all auditable, nunca silencioso",2026-08-13 16:24:06.522473+00
356,SISTEMA DE BOMBEO SOLAR,,PRODUCTIVIDAD,"Regla 900 (.*): Regla por defecto: todo lo que no cae en un supuesto emergente se contabiliza como productividad, y se marca con incidencia PROGRAMA_CLASIFICADO_POR_DEFECTO para revisión humana.","Acuerdo de trabajo: catch-all auditable, nunca silencioso",2026-08-13 16:24:06.522473+00
357,ESCREPA,,PRODUCTIVIDAD,"Regla 900 (.*): Regla por defecto: todo lo que no cae en un supuesto emergente se contabiliza como productividad, y se marca con incidencia PROGRAMA_CLASIFICADO_POR_DEFECTO para revisión humana.","Acuerdo de trabajo: catch-all auditable, nunca silencioso",2026-08-13 16:24:06.522473+00
358,PROYECTO ESTRATÉGICO (HERRAMIENTA PARA JIMAR MAGUEY),,PRODUCTIVIDAD,"Regla 900 (.*): Regla por defecto: todo lo que no cae en un supuesto emergente se contabiliza como productividad, y se marca con incidencia PROGRAMA_CLASIFICADO_POR_DEFECTO para revisión humana.","Acuerdo de trabajo: catch-all auditable, nunca silencioso",2026-08-13 16:24:06.522473+00
359,SEMBRADORA NEUMATICA DE PRESICION,,PRODUCTIVIDAD,"Regla 900 (.*): Regla por defecto: todo lo que no cae en un supuesto emergente se contabiliza como productividad, y se marca con incidencia PROGRAMA_CLASIFICADO_POR_DEFECTO para revisión humana.","Acuerdo de trabajo: catch-all auditable, nunca silencioso",2026-08-13 16:24:06.522473+00
360,SEMENTAL PORCINO,,PRODUCTIVIDAD,"Regla 900 (.*): Regla por defecto: todo lo que no cae en un supuesto emergente se contabiliza como productividad, y se marca con incidencia PROGRAMA_CLASIFICADO_POR_DEFECTO para revisión humana.","Acuerdo de trabajo: catch-all auditable, nunca silencioso",2026-08-13 16:24:06.522473+00
361,CONGELADOR,,PRODUCTIVIDAD,"Regla 900 (.*): Regla por defecto: todo lo que no cae en un supuesto emergente se contabiliza como productividad, y se marca con incidencia PROGRAMA_CLASIFICADO_POR_DEFECTO para revisión humana.","Acuerdo de trabajo: catch-all auditable, nunca silencioso",2026-08-13 16:24:06.522473+00
362,SISTEMA DE RIEGO (LINEAS DE CONDUCCION),,PRODUCTIVIDAD,"Regla 900 (.*): Regla por defecto: todo lo que no cae en un supuesto emergente se contabiliza como productividad, y se marca con incidencia PROGRAMA_CLASIFICADO_POR_DEFECTO para revisión humana.","Acuerdo de trabajo: catch-all auditable, nunca silencioso",2026-08-13 16:24:06.522473+00
363,TRACTOR  DE 40 A 125 CABALLOS DE FUERZA (HP) A LA TOMA DE FUERZA,,PRODUCTIVIDAD,"Regla 900 (.*): Regla por defecto: todo lo que no cae en un supuesto emergente se contabiliza como productividad, y se marca con incidencia PROGRAMA_CLASIFICADO_POR_DEFECTO para revisión humana.","Acuerdo de trabajo: catch-all auditable, nunca silencioso",2026-08-13 16:24:06.522473+00
364,SRT: PARA POZO DE RIEGO,,PRODUCTIVIDAD,"Regla 900 (.*): Regla por defecto: todo lo que no cae en un supuesto emergente se contabiliza como productividad, y se marca con incidencia PROGRAMA_CLASIFICADO_POR_DEFECTO para revisión humana.","Acuerdo de trabajo: catch-all auditable, nunca silencioso",2026-08-13 16:24:06.522473+00
365,PROYECTO ESTRATEGICO ( REHABILITACION DE EQUIPO DE SISTEMA DE RIEGO),,PRODUCTIVIDAD,"Regla 900 (.*): Regla por defecto: todo lo que no cae en un supuesto emergente se contabiliza como productividad, y se marca con incidencia PROGRAMA_CLASIFICADO_POR_DEFECTO para revisión humana.","Acuerdo de trabajo: catch-all auditable, nunca silencioso",2026-08-13 16:24:06.522473+00
366,VIENTRE PORCINO,,PRODUCTIVIDAD,"Regla 900 (.*): Regla por defecto: todo lo que no cae en un supuesto emergente se contabiliza como productividad, y se marca con incidencia PROGRAMA_CLASIFICADO_POR_DEFECTO para revisión humana.","Acuerdo de trabajo: catch-all auditable, nunca silencioso",2026-08-13 16:24:06.522473+00
367,REHABILITACION DE SISTEMA DE RIEGO 4.5HA,,PRODUCTIVIDAD,"Regla 900 (.*): Regla por defecto: todo lo que no cae en un supuesto emergente se contabiliza como productividad, y se marca con incidencia PROGRAMA_CLASIFICADO_POR_DEFECTO para revisión humana.","Acuerdo de trabajo: catch-all auditable, nunca silencioso",2026-08-13 16:24:06.522473+00
368,TRACTOR DE MENOS DE 40 CABALLOS DE FUERZA (HP) A LA TOMA DE FUERZA,,PRODUCTIVIDAD,"Regla 900 (.*): Regla por defecto: todo lo que no cae en un supuesto emergente se contabiliza como productividad, y se marca con incidencia PROGRAMA_CLASIFICADO_POR_DEFECTO para revisión humana.","Acuerdo de trabajo: catch-all auditable, nunca silencioso",2026-08-13 16:24:06.522473+00
369,"PAQUETE  A PEQUEÑA ESCALA (EQUIPO PARA BOMBEO Y CONDUCCION DE AGUA,MOCHILA ASPERSORA,DESBROZADORA)",,PRODUCTIVIDAD,"Regla 900 (.*): Regla por defecto: todo lo que no cae en un supuesto emergente se contabiliza como productividad, y se marca con incidencia PROGRAMA_CLASIFICADO_POR_DEFECTO para revisión humana.","Acuerdo de trabajo: catch-all auditable, nunca silencioso",2026-08-13 16:24:06.522473+00
370,PAQUETE DE TRACTOR LIGERO CON IMPLEMENTOS,,PRODUCTIVIDAD,"Regla 900 (.*): Regla por defecto: todo lo que no cae en un supuesto emergente se contabiliza como productividad, y se marca con incidencia PROGRAMA_CLASIFICADO_POR_DEFECTO para revisión humana.","Acuerdo de trabajo: catch-all auditable, nunca silencioso",2026-08-13 16:24:06.522473+00
371,TRACTOR DE 40 O MENOS CABALLOS DE FUERZA,,PRODUCTIVIDAD,"Regla 900 (.*): Regla por defecto: todo lo que no cae en un supuesto emergente se contabiliza como productividad, y se marca con incidencia PROGRAMA_CLASIFICADO_POR_DEFECTO para revisión humana.","Acuerdo de trabajo: catch-all auditable, nunca silencioso",2026-08-13 16:24:06.522473+00
372,MAQUINA TORTILLADORA,,PRODUCTIVIDAD,"Regla 900 (.*): Regla por defecto: todo lo que no cae en un supuesto emergente se contabiliza como productividad, y se marca con incidencia PROGRAMA_CLASIFICADO_POR_DEFECTO para revisión humana.","Acuerdo de trabajo: catch-all auditable, nunca silencioso",2026-08-13 16:24:06.522473+00
373,OVINO GESTANTE SIN REGISTRO,,PRODUCTIVIDAD,"Regla 900 (.*): Regla por defecto: todo lo que no cae en un supuesto emergente se contabiliza como productividad, y se marca con incidencia PROGRAMA_CLASIFICADO_POR_DEFECTO para revisión humana.","Acuerdo de trabajo: catch-all auditable, nunca silencioso",2026-08-13 16:24:06.522473+00
374,JAULAS DE USO PECUARIO,,PRODUCTIVIDAD,"Regla 900 (.*): Regla por defecto: todo lo que no cae en un supuesto emergente se contabiliza como productividad, y se marca con incidencia PROGRAMA_CLASIFICADO_POR_DEFECTO para revisión humana.","Acuerdo de trabajo: catch-all auditable, nunca silencioso",2026-08-13 16:24:06.522473+00
375,APOYO PARA PROYECTO PRODUCTIVO PECUARIO,,PRODUCTIVIDAD,"Regla 900 (.*): Regla por defecto: todo lo que no cae en un supuesto emergente se contabiliza como productividad, y se marca con incidencia PROGRAMA_CLASIFICADO_POR_DEFECTO para revisión humana.","Acuerdo de trabajo: catch-all auditable, nunca silencioso",2026-08-13 16:24:06.522473+00
376,AIREADOR (ACUÍCOLA),,PRODUCTIVIDAD,"Regla 900 (.*): Regla por defecto: todo lo que no cae en un supuesto emergente se contabiliza como productividad, y se marca con incidencia PROGRAMA_CLASIFICADO_POR_DEFECTO para revisión humana.","Acuerdo de trabajo: catch-all auditable, nunca silencioso",2026-08-13 16:24:06.522473+00
377,CORTADORA-HILEADORA DE FRIJOL,,PRODUCTIVIDAD,"Regla 900 (.*): Regla por defecto: todo lo que no cae en un supuesto emergente se contabiliza como productividad, y se marca con incidencia PROGRAMA_CLASIFICADO_POR_DEFECTO para revisión humana.","Acuerdo de trabajo: catch-all auditable, nunca silencioso",2026-08-13 16:24:06.522473+00
378,TRACTOR LIGERO CON TOMA DE FUERZA 14-18 HP,,PRODUCTIVIDAD,"Regla 900 (.*): Regla por defecto: todo lo que no cae en un supuesto emergente se contabiliza como productividad, y se marca con incidencia PROGRAMA_CLASIFICADO_POR_DEFECTO para revisión humana.","Acuerdo de trabajo: catch-all auditable, nunca silencioso",2026-08-13 16:24:06.522473+00
379,REHABILITACIÓN DE OLLA PARA ALMACENAMIENTO DE AGUA (INCLUYE GEOMEMBRANA),,PRODUCTIVIDAD,"Regla 900 (.*): Regla por defecto: todo lo que no cae en un supuesto emergente se contabiliza como productividad, y se marca con incidencia PROGRAMA_CLASIFICADO_POR_DEFECTO para revisión humana.","Acuerdo de trabajo: catch-all auditable, nunca silencioso",2026-08-13 16:24:06.522473+00
380,DOSIS DE SEMEN SEXADO,,PRODUCTIVIDAD,"Regla 900 (.*): Regla por defecto: todo lo que no cae en un supuesto emergente se contabiliza como productividad, y se marca con incidencia PROGRAMA_CLASIFICADO_POR_DEFECTO para revisión humana.","Acuerdo de trabajo: catch-all auditable, nunca silencioso",2026-08-13 16:24:06.522473+00
381,APOYO PARA PROYECTO AGROTURÍSTICO,,PRODUCTIVIDAD,"Regla 900 (.*): Regla por defecto: todo lo que no cae en un supuesto emergente se contabiliza como productividad, y se marca con incidencia PROGRAMA_CLASIFICADO_POR_DEFECTO para revisión humana.","Acuerdo de trabajo: catch-all auditable, nunca silencioso",2026-08-13 16:24:06.522473+00
382,HERRAMIENTA MENOR,,PRODUCTIVIDAD,"Regla 900 (.*): Regla por defecto: todo lo que no cae en un supuesto emergente se contabiliza como productividad, y se marca con incidencia PROGRAMA_CLASIFICADO_POR_DEFECTO para revisión humana.","Acuerdo de trabajo: catch-all auditable, nunca silencioso",2026-08-13 16:24:06.522473+00
383,REMOLQUE CAMA BAJA,,PRODUCTIVIDAD,"Regla 900 (.*): Regla por defecto: todo lo que no cae en un supuesto emergente se contabiliza como productividad, y se marca con incidencia PROGRAMA_CLASIFICADO_POR_DEFECTO para revisión humana.","Acuerdo de trabajo: catch-all auditable, nunca silencioso",2026-08-13 16:24:06.522473+00
384,TINACO 1100 LTS,,PRODUCTIVIDAD,"Regla 900 (.*): Regla por defecto: todo lo que no cae en un supuesto emergente se contabiliza como productividad, y se marca con incidencia PROGRAMA_CLASIFICADO_POR_DEFECTO para revisión humana.","Acuerdo de trabajo: catch-all auditable, nunca silencioso",2026-08-13 16:24:06.522473+00
385,TINACO 3000 LTS,,PRODUCTIVIDAD,"Regla 900 (.*): Regla por defecto: todo lo que no cae en un supuesto emergente se contabiliza como productividad, y se marca con incidencia PROGRAMA_CLASIFICADO_POR_DEFECTO para revisión humana.","Acuerdo de trabajo: catch-all auditable, nunca silencioso",2026-08-13 16:24:06.522473+00
386,MOTOSIERRA,,PRODUCTIVIDAD,"Regla 900 (.*): Regla por defecto: todo lo que no cae en un supuesto emergente se contabiliza como productividad, y se marca con incidencia PROGRAMA_CLASIFICADO_POR_DEFECTO para revisión humana.","Acuerdo de trabajo: catch-all auditable, nunca silencioso",2026-08-13 16:24:06.522473+00
387,REMOLQUE GANADERO,,PRODUCTIVIDAD,"Regla 900 (.*): Regla por defecto: todo lo que no cae en un supuesto emergente se contabiliza como productividad, y se marca con incidencia PROGRAMA_CLASIFICADO_POR_DEFECTO para revisión humana.","Acuerdo de trabajo: catch-all auditable, nunca silencioso",2026-08-13 16:24:06.522473+00
388,CARRETILLA Y HERRAMIENTAS,,PRODUCTIVIDAD,"Regla 900 (.*): Regla por defecto: todo lo que no cae en un supuesto emergente se contabiliza como productividad, y se marca con incidencia PROGRAMA_CLASIFICADO_POR_DEFECTO para revisión humana.","Acuerdo de trabajo: catch-all auditable, nunca silencioso",2026-08-13 16:24:06.522473+00
389,KIT DE HUERTO DE TRASPATIO,,PRODUCTIVIDAD,"Regla 900 (.*): Regla por defecto: todo lo que no cae en un supuesto emergente se contabiliza como productividad, y se marca con incidencia PROGRAMA_CLASIFICADO_POR_DEFECTO para revisión humana.","Acuerdo de trabajo: catch-all auditable, nunca silencioso",2026-08-13 16:24:06.522473+00
390,REMOLQUE CAMA BAJA 6 TON,,PRODUCTIVIDAD,"Regla 900 (.*): Regla por defecto: todo lo que no cae en un supuesto emergente se contabiliza como productividad, y se marca con incidencia PROGRAMA_CLASIFICADO_POR_DEFECTO para revisión humana.","Acuerdo de trabajo: catch-all auditable, nunca silencioso",2026-08-13 16:24:06.522473+00
391,PAQUETE DE HERRAMIENTAS,,PRODUCTIVIDAD,"Regla 900 (.*): Regla por defecto: todo lo que no cae en un supuesto emergente se contabiliza como productividad, y se marca con incidencia PROGRAMA_CLASIFICADO_POR_DEFECTO para revisión humana.","Acuerdo de trabajo: catch-all auditable, nunca silencioso",2026-08-13 16:24:06.522473+00
392,REMOLQUE PARA USO PRODUCTIVO,,PRODUCTIVIDAD,"Regla 900 (.*): Regla por defecto: todo lo que no cae en un supuesto emergente se contabiliza como productividad, y se marca con incidencia PROGRAMA_CLASIFICADO_POR_DEFECTO para revisión humana.","Acuerdo de trabajo: catch-all auditable, nunca silencioso",2026-08-13 16:24:06.522473+00
393,CISTERNA 10000 LTS,,PRODUCTIVIDAD,"Regla 900 (.*): Regla por defecto: todo lo que no cae en un supuesto emergente se contabiliza como productividad, y se marca con incidencia PROGRAMA_CLASIFICADO_POR_DEFECTO para revisión humana.","Acuerdo de trabajo: catch-all auditable, nunca silencioso",2026-08-13 16:24:06.522473+00
394,REMOLQUE GANADERO 5X10,,PRODUCTIVIDAD,"Regla 900 (.*): Regla por defecto: todo lo que no cae en un supuesto emergente se contabiliza como productividad, y se marca con incidencia PROGRAMA_CLASIFICADO_POR_DEFECTO para revisión humana.","Acuerdo de trabajo: catch-all auditable, nunca silencioso",2026-08-13 16:24:06.522473+00
395,CISTERNA 3000 LTS,,PRODUCTIVIDAD,"Regla 900 (.*): Regla por defecto: todo lo que no cae en un supuesto emergente se contabiliza como productividad, y se marca con incidencia PROGRAMA_CLASIFICADO_POR_DEFECTO para revisión humana.","Acuerdo de trabajo: catch-all auditable, nunca silencioso",2026-08-13 16:24:06.522473+00
396,TRACTOR PODADOR,,PRODUCTIVIDAD,"Regla 900 (.*): Regla por defecto: todo lo que no cae en un supuesto emergente se contabiliza como productividad, y se marca con incidencia PROGRAMA_CLASIFICADO_POR_DEFECTO para revisión humana.","Acuerdo de trabajo: catch-all auditable, nunca silencioso",2026-08-13 16:24:06.522473+00
397,SRT: SISTEMA DE RIEGO POR ASPERSIÓN,,PRODUCTIVIDAD,"Regla 900 (.*): Regla por defecto: todo lo que no cae en un supuesto emergente se contabiliza como productividad, y se marca con incidencia PROGRAMA_CLASIFICADO_POR_DEFECTO para revisión humana.","Acuerdo de trabajo: catch-all auditable, nunca silencioso",2026-08-13 16:24:06.522473+00
398,REMOLQUE CAMA BAJA 3 TON,,PRODUCTIVIDAD,"Regla 900 (.*): Regla por defecto: todo lo que no cae en un supuesto emergente se contabiliza como productividad, y se marca con incidencia PROGRAMA_CLASIFICADO_POR_DEFECTO para revisión humana.","Acuerdo de trabajo: catch-all auditable, nunca silencioso",2026-08-13 16:24:06.522473+00
399,CISTERNA 5000 LTS,,PRODUCTIVIDAD,"Regla 900 (.*): Regla por defecto: todo lo que no cae en un supuesto emergente se contabiliza como productividad, y se marca con incidencia PROGRAMA_CLASIFICADO_POR_DEFECTO para revisión humana.","Acuerdo de trabajo: catch-all auditable, nunca silencioso",2026-08-13 16:24:06.522473+00
400,REHABILITACIÓN DE OLLA PARA ALMACENAMIENTO DE AGUA,,PRODUCTIVIDAD,"Regla 900 (.*): Regla por defecto: todo lo que no cae en un supuesto emergente se contabiliza como productividad, y se marca con incidencia PROGRAMA_CLASIFICADO_POR_DEFECTO para revisión humana.","Acuerdo de trabajo: catch-all auditable, nunca silencioso",2026-08-13 16:24:06.522473+00
401,SEMENTALES OVINO CON REGISTRO,,PRODUCTIVIDAD,"Regla 900 (.*): Regla por defecto: todo lo que no cae en un supuesto emergente se contabiliza como productividad, y se marca con incidencia PROGRAMA_CLASIFICADO_POR_DEFECTO para revisión humana.","Acuerdo de trabajo: catch-all auditable, nunca silencioso",2026-08-13 16:24:06.522473+00
402,SUBSOLADOR,,PRODUCTIVIDAD,"Regla 900 (.*): Regla por defecto: todo lo que no cae en un supuesto emergente se contabiliza como productividad, y se marca con incidencia PROGRAMA_CLASIFICADO_POR_DEFECTO para revisión humana.","Acuerdo de trabajo: catch-all auditable, nunca silencioso",2026-08-13 16:24:06.522473+00
403,EQUIPO PARA TRANSFORMACIÓN DE ENERGÍA,,PRODUCTIVIDAD,"Regla 900 (.*): Regla por defecto: todo lo que no cae en un supuesto emergente se contabiliza como productividad, y se marca con incidencia PROGRAMA_CLASIFICADO_POR_DEFECTO para revisión humana.","Acuerdo de trabajo: catch-all auditable, nunca silencioso",2026-08-13 16:24:06.522473+00
404,ABEJA REINA COMERCIAL,,PRODUCTIVIDAD,"Regla 900 (.*): Regla por defecto: todo lo que no cae en un supuesto emergente se contabiliza como productividad, y se marca con incidencia PROGRAMA_CLASIFICADO_POR_DEFECTO para revisión humana.","Acuerdo de trabajo: catch-all auditable, nunca silencioso",2026-08-13 16:24:06.522473+00
405,EMBRIONES OVINO,,PRODUCTIVIDAD,"Regla 900 (.*): Regla por defecto: todo lo que no cae en un supuesto emergente se contabiliza como productividad, y se marca con incidencia PROGRAMA_CLASIFICADO_POR_DEFECTO para revisión humana.","Acuerdo de trabajo: catch-all auditable, nunca silencioso",2026-08-13 16:24:06.522473+00
406,DEPOSITO DE AGUA CON TAPA,,PRODUCTIVIDAD,"Regla 900 (.*): Regla por defecto: todo lo que no cae en un supuesto emergente se contabiliza como productividad, y se marca con incidencia PROGRAMA_CLASIFICADO_POR_DEFECTO para revisión humana.","Acuerdo de trabajo: catch-all auditable, nunca silencioso",2026-08-13 16:24:06.522473+00
407,EMBRIONES,,PRODUCTIVIDAD,"Regla 900 (.*): Regla por defecto: todo lo que no cae en un supuesto emergente se contabiliza como productividad, y se marca con incidencia PROGRAMA_CLASIFICADO_POR_DEFECTO para revisión humana.","Acuerdo de trabajo: catch-all auditable, nunca silencioso",2026-08-13 16:24:06.522473+00
408,MAÍZ,,PRODUCTIVIDAD,"Regla 900 (.*): Regla por defecto: todo lo que no cae en un supuesto emergente se contabiliza como productividad, y se marca con incidencia PROGRAMA_CLASIFICADO_POR_DEFECTO para revisión humana.","Acuerdo de trabajo: catch-all auditable, nunca silencioso",2026-08-13 16:24:06.522473+00
409,SEMILLA DE ESPÁRRAGO,,PRODUCTIVIDAD,"Regla 900 (.*): Regla por defecto: todo lo que no cae en un supuesto emergente se contabiliza como productividad, y se marca con incidencia PROGRAMA_CLASIFICADO_POR_DEFECTO para revisión humana.","Acuerdo de trabajo: catch-all auditable, nunca silencioso",2026-08-13 16:24:06.522473+00
410,SISTEMA DE RIEGO POR MULTICOMPUERTA,,PRODUCTIVIDAD,"Regla 900 (.*): Regla por defecto: todo lo que no cae en un supuesto emergente se contabiliza como productividad, y se marca con incidencia PROGRAMA_CLASIFICADO_POR_DEFECTO para revisión humana.","Acuerdo de trabajo: catch-all auditable, nunca silencioso",2026-08-13 16:24:06.522473+00
411,SRT: TECNIFICACIÓN DE SISTEMA DE DISTRIBUCIÓN DE AGUA,,PRODUCTIVIDAD,"Regla 900 (.*): Regla por defecto: todo lo que no cae en un supuesto emergente se contabiliza como productividad, y se marca con incidencia PROGRAMA_CLASIFICADO_POR_DEFECTO para revisión humana.","Acuerdo de trabajo: catch-all auditable, nunca silencioso",2026-08-13 16:24:06.522473+00
412,LINEAS DE CONDUCCION DE AGUA,,PRODUCTIVIDAD,"Regla 900 (.*): Regla por defecto: todo lo que no cae en un supuesto emergente se contabiliza como productividad, y se marca con incidencia PROGRAMA_CLASIFICADO_POR_DEFECTO para revisión humana.","Acuerdo de trabajo: catch-all auditable, nunca silencioso",2026-08-13 16:24:06.522473+00
413,CONSTRUCCION E IMPERMEABILIZACION DE EMBALSE DE 40M DE LARGO X 30M DE ANCHO X 4.5 M DE ALTO,,PRODUCTIVIDAD,"Regla 900 (.*): Regla por defecto: todo lo que no cae en un supuesto emergente se contabiliza como productividad, y se marca con incidencia PROGRAMA_CLASIFICADO_POR_DEFECTO para revisión humana.","Acuerdo de trabajo: catch-all auditable, nunca silencioso",2026-08-13 16:24:06.522473+00
414,MOTO REMOLQUE,,PRODUCTIVIDAD,"Regla 900 (.*): Regla por defecto: todo lo que no cae en un supuesto emergente se contabiliza como productividad, y se marca con incidencia PROGRAMA_CLASIFICADO_POR_DEFECTO para revisión humana.","Acuerdo de trabajo: catch-all auditable, nunca silencioso",2026-08-13 16:24:06.522473+00
415,SALA DE ORDEÑA,,PRODUCTIVIDAD,"Regla 900 (.*): Regla por defecto: todo lo que no cae en un supuesto emergente se contabiliza como productividad, y se marca con incidencia PROGRAMA_CLASIFICADO_POR_DEFECTO para revisión humana.","Acuerdo de trabajo: catch-all auditable, nunca silencioso",2026-08-13 16:24:06.522473+00
416,ARADO,,PRODUCTIVIDAD,"Regla 900 (.*): Regla por defecto: todo lo que no cae en un supuesto emergente se contabiliza como productividad, y se marca con incidencia PROGRAMA_CLASIFICADO_POR_DEFECTO para revisión humana.","Acuerdo de trabajo: catch-all auditable, nunca silencioso",2026-08-13 16:24:06.522473+00
417,KIT AGRICOLA,,PRODUCTIVIDAD,"Regla 900 (.*): Regla por defecto: todo lo que no cae en un supuesto emergente se contabiliza como productividad, y se marca con incidencia PROGRAMA_CLASIFICADO_POR_DEFECTO para revisión humana.","Acuerdo de trabajo: catch-all auditable, nunca silencioso",2026-08-13 16:24:06.522473+00
418,EQUIPAMIENTO PARA COSECHA DE AGUA DE LLUVIA,,PRODUCTIVIDAD,"Regla 900 (.*): Regla por defecto: todo lo que no cae en un supuesto emergente se contabiliza como productividad, y se marca con incidencia PROGRAMA_CLASIFICADO_POR_DEFECTO para revisión humana.","Acuerdo de trabajo: catch-all auditable, nunca silencioso",2026-08-13 16:24:06.522473+00
419,SISTEMA DE ESPALDERAS,,PRODUCTIVIDAD,"Regla 900 (.*): Regla por defecto: todo lo que no cae en un supuesto emergente se contabiliza como productividad, y se marca con incidencia PROGRAMA_CLASIFICADO_POR_DEFECTO para revisión humana.","Acuerdo de trabajo: catch-all auditable, nunca silencioso",2026-08-13 16:24:06.522473+00
420,INTERCEPA,,PRODUCTIVIDAD,"Regla 900 (.*): Regla por defecto: todo lo que no cae en un supuesto emergente se contabiliza como productividad, y se marca con incidencia PROGRAMA_CLASIFICADO_POR_DEFECTO para revisión humana.","Acuerdo de trabajo: catch-all auditable, nunca silencioso",2026-08-13 16:24:06.522473+00
421,SEMOVIENTES Y MATERIAL GENETICO,,PRODUCTIVIDAD,"Regla 900 (.*): Regla por defecto: todo lo que no cae en un supuesto emergente se contabiliza como productividad, y se marca con incidencia PROGRAMA_CLASIFICADO_POR_DEFECTO para revisión humana.","Acuerdo de trabajo: catch-all auditable, nunca silencioso",2026-08-13 16:24:06.522473+00
422,TECNIFICACIÓN DE SISTEMA DE DISTRIBUCIÓN DE AGUA,,PRODUCTIVIDAD,"Regla 900 (.*): Regla por defecto: todo lo que no cae en un supuesto emergente se contabiliza como productividad, y se marca con incidencia PROGRAMA_CLASIFICADO_POR_DEFECTO para revisión humana.","Acuerdo de trabajo: catch-all auditable, nunca silencioso",2026-08-13 16:24:06.522473+00
423,GEOMEMBRANA HDPE,,PRODUCTIVIDAD,"Regla 900 (.*): Regla por defecto: todo lo que no cae en un supuesto emergente se contabiliza como productividad, y se marca con incidencia PROGRAMA_CLASIFICADO_POR_DEFECTO para revisión humana.","Acuerdo de trabajo: catch-all auditable, nunca silencioso",2026-08-13 16:24:06.522473+00
424,KIT PRODUCCIÓN PEQUEÑA ESCALA,,PRODUCTIVIDAD,"Regla 900 (.*): Regla por defecto: todo lo que no cae en un supuesto emergente se contabiliza como productividad, y se marca con incidencia PROGRAMA_CLASIFICADO_POR_DEFECTO para revisión humana.","Acuerdo de trabajo: catch-all auditable, nunca silencioso",2026-08-13 16:24:06.522473+00
425,SEGADORA ACONDICIONADORA,,PRODUCTIVIDAD,"Regla 900 (.*): Regla por defecto: todo lo que no cae en un supuesto emergente se contabiliza como productividad, y se marca con incidencia PROGRAMA_CLASIFICADO_POR_DEFECTO para revisión humana.","Acuerdo de trabajo: catch-all auditable, nunca silencioso",2026-08-13 16:24:06.522473+00
426,AIREADOR,,PRODUCTIVIDAD,"Regla 900 (.*): Regla por defecto: todo lo que no cae en un supuesto emergente se contabiliza como productividad, y se marca con incidencia PROGRAMA_CLASIFICADO_POR_DEFECTO para revisión humana.","Acuerdo de trabajo: catch-all auditable, nunca silencioso",2026-08-13 16:24:06.522473+00
427,PRENSA GANADERA,,PRODUCTIVIDAD,"Regla 900 (.*): Regla por defecto: todo lo que no cae en un supuesto emergente se contabiliza como productividad, y se marca con incidencia PROGRAMA_CLASIFICADO_POR_DEFECTO para revisión humana.","Acuerdo de trabajo: catch-all auditable, nunca silencioso",2026-08-13 16:24:06.522473+00
428,TINACOS PARA USO AGROPECUARIO + PAQUETE DE HERRAMIENTAS,,PRODUCTIVIDAD,"Regla 900 (.*): Regla por defecto: todo lo que no cae en un supuesto emergente se contabiliza como productividad, y se marca con incidencia PROGRAMA_CLASIFICADO_POR_DEFECTO para revisión humana.","Acuerdo de trabajo: catch-all auditable, nunca silencioso",2026-08-13 16:24:06.522473+00
429,SISTEMA DE COSECHA DE AGUA DE LLUVIA (AREA DE CAPTACION),,PRODUCTIVIDAD,"Regla 900 (.*): Regla por defecto: todo lo que no cae en un supuesto emergente se contabiliza como productividad, y se marca con incidencia PROGRAMA_CLASIFICADO_POR_DEFECTO para revisión humana.","Acuerdo de trabajo: catch-all auditable, nunca silencioso",2026-08-13 16:24:06.522473+00
430,PROYECTOS ESTRATEGICOS AGRICOLA,,PRODUCTIVIDAD,"Regla 900 (.*): Regla por defecto: todo lo que no cae en un supuesto emergente se contabiliza como productividad, y se marca con incidencia PROGRAMA_CLASIFICADO_POR_DEFECTO para revisión humana.","Acuerdo de trabajo: catch-all auditable, nunca silencioso",2026-08-13 16:24:06.522473+00
431,"TINACO 5,000 LTS",,PRODUCTIVIDAD,"Regla 900 (.*): Regla por defecto: todo lo que no cae en un supuesto emergente se contabiliza como productividad, y se marca con incidencia PROGRAMA_CLASIFICADO_POR_DEFECTO para revisión humana.","Acuerdo de trabajo: catch-all auditable, nunca silencioso",2026-08-13 16:24:06.522473+00
432,"TINACO DE 10,000 LTS",,PRODUCTIVIDAD,"Regla 900 (.*): Regla por defecto: todo lo que no cae en un supuesto emergente se contabiliza como productividad, y se marca con incidencia PROGRAMA_CLASIFICADO_POR_DEFECTO para revisión humana.","Acuerdo de trabajo: catch-all auditable, nunca silencioso",2026-08-13 16:24:06.522473+00
433,DEPÓSITO DE GEOMEMBRANA,,PRODUCTIVIDAD,"Regla 900 (.*): Regla por defecto: todo lo que no cae en un supuesto emergente se contabiliza como productividad, y se marca con incidencia PROGRAMA_CLASIFICADO_POR_DEFECTO para revisión humana.","Acuerdo de trabajo: catch-all auditable, nunca silencioso",2026-08-13 16:24:06.522473+00
434,SRT: RIEGO POR MULTICOMPUERTAS Y/O LINEAS DE CONDUCCION HIDRATANTES.,,PRODUCTIVIDAD,"Regla 900 (.*): Regla por defecto: todo lo que no cae en un supuesto emergente se contabiliza como productividad, y se marca con incidencia PROGRAMA_CLASIFICADO_POR_DEFECTO para revisión humana.","Acuerdo de trabajo: catch-all auditable, nunca silencioso",2026-08-13 16:24:06.522473+00
435,CONSTRUCCIÓN DE MACROTÚNEL,,PRODUCTIVIDAD,"Regla 900 (.*): Regla por defecto: todo lo que no cae en un supuesto emergente se contabiliza como productividad, y se marca con incidencia PROGRAMA_CLASIFICADO_POR_DEFECTO para revisión humana.","Acuerdo de trabajo: catch-all auditable, nunca silencioso",2026-08-13 16:24:06.522473+00
436,JAULAS DE USO PECUARIO (CONEJOS),,PRODUCTIVIDAD,"Regla 900 (.*): Regla por defecto: todo lo que no cae en un supuesto emergente se contabiliza como productividad, y se marca con incidencia PROGRAMA_CLASIFICADO_POR_DEFECTO para revisión humana.","Acuerdo de trabajo: catch-all auditable, nunca silencioso",2026-08-13 16:24:06.522473+00
437,EQUIPO DE TRANSFORMACIÓN Y PRODUCCIÓN DE MIEL,,PRODUCTIVIDAD,"Regla 900 (.*): Regla por defecto: todo lo que no cae en un supuesto emergente se contabiliza como productividad, y se marca con incidencia PROGRAMA_CLASIFICADO_POR_DEFECTO para revisión humana.","Acuerdo de trabajo: catch-all auditable, nunca silencioso",2026-08-13 16:24:06.522473+00
438,REMOLQUE CAMA BAJA DE 3 T,,PRODUCTIVIDAD,"Regla 900 (.*): Regla por defecto: todo lo que no cae en un supuesto emergente se contabiliza como productividad, y se marca con incidencia PROGRAMA_CLASIFICADO_POR_DEFECTO para revisión humana.","Acuerdo de trabajo: catch-all auditable, nunca silencioso",2026-08-13 16:24:06.522473+00
439,ESTANQUE DE GEOMEMBRANA,,PRODUCTIVIDAD,"Regla 900 (.*): Regla por defecto: todo lo que no cae en un supuesto emergente se contabiliza como productividad, y se marca con incidencia PROGRAMA_CLASIFICADO_POR_DEFECTO para revisión humana.","Acuerdo de trabajo: catch-all auditable, nunca silencioso",2026-08-13 16:24:06.522473+00
440,REMOLQUE CAMA BAJA 3T,,PRODUCTIVIDAD,"Regla 900 (.*): Regla por defecto: todo lo que no cae en un supuesto emergente se contabiliza como productividad, y se marca con incidencia PROGRAMA_CLASIFICADO_POR_DEFECTO para revisión humana.","Acuerdo de trabajo: catch-all auditable, nunca silencioso",2026-08-13 16:24:06.522473+00
441,ASPERSORA PARA TRACTOR,,PRODUCTIVIDAD,"Regla 900 (.*): Regla por defecto: todo lo que no cae en un supuesto emergente se contabiliza como productividad, y se marca con incidencia PROGRAMA_CLASIFICADO_POR_DEFECTO para revisión humana.","Acuerdo de trabajo: catch-all auditable, nunca silencioso",2026-08-13 16:24:06.522473+00
442,MICROTUNEL PARA HUERTA DE NOPAL,,PRODUCTIVIDAD,"Regla 900 (.*): Regla por defecto: todo lo que no cae en un supuesto emergente se contabiliza como productividad, y se marca con incidencia PROGRAMA_CLASIFICADO_POR_DEFECTO para revisión humana.","Acuerdo de trabajo: catch-all auditable, nunca silencioso",2026-08-13 16:24:06.522473+00
443,"CISTERNA DE 10,0000",,PRODUCTIVIDAD,"Regla 900 (.*): Regla por defecto: todo lo que no cae en un supuesto emergente se contabiliza como productividad, y se marca con incidencia PROGRAMA_CLASIFICADO_POR_DEFECTO para revisión humana.","Acuerdo de trabajo: catch-all auditable, nunca silencioso",2026-08-13 16:24:06.522473+00
444,ASPERSORA AGRICOLA DE 200LITROS,,PRODUCTIVIDAD,"Regla 900 (.*): Regla por defecto: todo lo que no cae en un supuesto emergente se contabiliza como productividad, y se marca con incidencia PROGRAMA_CLASIFICADO_POR_DEFECTO para revisión humana.","Acuerdo de trabajo: catch-all auditable, nunca silencioso",2026-08-13 16:24:06.522473+00
445,MALLA BORREGUERA,,PRODUCTIVIDAD,"Regla 900 (.*): Regla por defecto: todo lo que no cae en un supuesto emergente se contabiliza como productividad, y se marca con incidencia PROGRAMA_CLASIFICADO_POR_DEFECTO para revisión humana.","Acuerdo de trabajo: catch-all auditable, nunca silencioso",2026-08-13 16:24:06.522473+00
446,LINEA DE CONDUCCIÓN DE AGUA (MANGUERA),,PRODUCTIVIDAD,"Regla 900 (.*): Regla por defecto: todo lo que no cae en un supuesto emergente se contabiliza como productividad, y se marca con incidencia PROGRAMA_CLASIFICADO_POR_DEFECTO para revisión humana.","Acuerdo de trabajo: catch-all auditable, nunca silencioso",2026-08-13 16:24:06.522473+00
447,BOMBA Y MANGUERA,,PRODUCTIVIDAD,"Regla 900 (.*): Regla por defecto: todo lo que no cae en un supuesto emergente se contabiliza como productividad, y se marca con incidencia PROGRAMA_CLASIFICADO_POR_DEFECTO para revisión humana.","Acuerdo de trabajo: catch-all auditable, nunca silencioso",2026-08-13 16:24:06.522473+00
448,SUMINISTRO E INSTALACIÓN DE GEOMEMBRANA,,PRODUCTIVIDAD,"Regla 900 (.*): Regla por defecto: todo lo que no cae en un supuesto emergente se contabiliza como productividad, y se marca con incidencia PROGRAMA_CLASIFICADO_POR_DEFECTO para revisión humana.","Acuerdo de trabajo: catch-all auditable, nunca silencioso",2026-08-13 16:24:06.522473+00
449,DRON,,PRODUCTIVIDAD,"Regla 900 (.*): Regla por defecto: todo lo que no cae en un supuesto emergente se contabiliza como productividad, y se marca con incidencia PROGRAMA_CLASIFICADO_POR_DEFECTO para revisión humana.","Acuerdo de trabajo: catch-all auditable, nunca silencioso",2026-08-13 16:24:06.522473+00
450,SRT: SISTEMA DE RIEGO POR GOTEO,,PRODUCTIVIDAD,"Regla 900 (.*): Regla por defecto: todo lo que no cae en un supuesto emergente se contabiliza como productividad, y se marca con incidencia PROGRAMA_CLASIFICADO_POR_DEFECTO para revisión humana.","Acuerdo de trabajo: catch-all auditable, nunca silencioso",2026-08-13 16:24:06.522473+00
451,COMEDEROS,,PRODUCTIVIDAD,"Regla 900 (.*): Regla por defecto: todo lo que no cae en un supuesto emergente se contabiliza como productividad, y se marca con incidencia PROGRAMA_CLASIFICADO_POR_DEFECTO para revisión humana.","Acuerdo de trabajo: catch-all auditable, nunca silencioso",2026-08-13 16:24:06.522473+00
452,MATERIAL VEGETATIVO (VID),,PRODUCTIVIDAD,"Regla 900 (.*): Regla por defecto: todo lo que no cae en un supuesto emergente se contabiliza como productividad, y se marca con incidencia PROGRAMA_CLASIFICADO_POR_DEFECTO para revisión humana.","Acuerdo de trabajo: catch-all auditable, nunca silencioso",2026-08-13 16:24:06.522473+00
453,MÓDULO PRODUCCIÓN FORRAJE HIDROPONICO,,PRODUCTIVIDAD,"Regla 900 (.*): Regla por defecto: todo lo que no cae en un supuesto emergente se contabiliza como productividad, y se marca con incidencia PROGRAMA_CLASIFICADO_POR_DEFECTO para revisión humana.","Acuerdo de trabajo: catch-all auditable, nunca silencioso",2026-08-13 16:24:06.522473+00
454,DRON PARA USO AGRÍCOLA,,PRODUCTIVIDAD,"Regla 900 (.*): Regla por defecto: todo lo que no cae en un supuesto emergente se contabiliza como productividad, y se marca con incidencia PROGRAMA_CLASIFICADO_POR_DEFECTO para revisión humana.","Acuerdo de trabajo: catch-all auditable, nunca silencioso",2026-08-13 16:24:06.522473+00
455,VIENTRES,,PRODUCTIVIDAD,"Regla 900 (.*): Regla por defecto: todo lo que no cae en un supuesto emergente se contabiliza como productividad, y se marca con incidencia PROGRAMA_CLASIFICADO_POR_DEFECTO para revisión humana.","Acuerdo de trabajo: catch-all auditable, nunca silencioso",2026-08-13 16:24:06.522473+00
456,"TINACO DE 5,000 LITROS",,PRODUCTIVIDAD,"Regla 900 (.*): Regla por defecto: todo lo que no cae en un supuesto emergente se contabiliza como productividad, y se marca con incidencia PROGRAMA_CLASIFICADO_POR_DEFECTO para revisión humana.","Acuerdo de trabajo: catch-all auditable, nunca silencioso",2026-08-13 16:24:06.522473+00
457,"TINACO DE 10,000 LITROS",,PRODUCTIVIDAD,"Regla 900 (.*): Regla por defecto: todo lo que no cae en un supuesto emergente se contabiliza como productividad, y se marca con incidencia PROGRAMA_CLASIFICADO_POR_DEFECTO para revisión humana.","Acuerdo de trabajo: catch-all auditable, nunca silencioso",2026-08-13 16:24:06.522473+00
458,SISTEMA DE CAPTACIÓN DE AGUA DE LLUVIA (AREA DE CAPTACIÓN),,PRODUCTIVIDAD,"Regla 900 (.*): Regla por defecto: todo lo que no cae en un supuesto emergente se contabiliza como productividad, y se marca con incidencia PROGRAMA_CLASIFICADO_POR_DEFECTO para revisión humana.","Acuerdo de trabajo: catch-all auditable, nunca silencioso",2026-08-13 16:24:06.522473+00
459,MOLINO,,PRODUCTIVIDAD,"Regla 900 (.*): Regla por defecto: todo lo que no cae en un supuesto emergente se contabiliza como productividad, y se marca con incidencia PROGRAMA_CLASIFICADO_POR_DEFECTO para revisión humana.","Acuerdo de trabajo: catch-all auditable, nunca silencioso",2026-08-13 16:24:06.522473+00
460,REHABILITACIÓN DE INFRAESTRUCTIRA Y EQUIPO P/ ALM. DE AGUA,,PRODUCTIVIDAD,"Regla 900 (.*): Regla por defecto: todo lo que no cae en un supuesto emergente se contabiliza como productividad, y se marca con incidencia PROGRAMA_CLASIFICADO_POR_DEFECTO para revisión humana.","Acuerdo de trabajo: catch-all auditable, nunca silencioso",2026-08-13 16:24:06.522473+00
461,TÚNEL DE ARCO CERRADO,,PRODUCTIVIDAD,"Regla 900 (.*): Regla por defecto: todo lo que no cae en un supuesto emergente se contabiliza como productividad, y se marca con incidencia PROGRAMA_CLASIFICADO_POR_DEFECTO para revisión humana.","Acuerdo de trabajo: catch-all auditable, nunca silencioso",2026-08-13 16:24:06.522473+00
462,CERCO DE ALAMBRE DE PUAS (ALAMBRE),,PRODUCTIVIDAD,"Regla 900 (.*): Regla por defecto: todo lo que no cae en un supuesto emergente se contabiliza como productividad, y se marca con incidencia PROGRAMA_CLASIFICADO_POR_DEFECTO para revisión humana.","Acuerdo de trabajo: catch-all auditable, nunca silencioso",2026-08-13 16:24:06.522473+00
463,GALLINERO,,PRODUCTIVIDAD,"Regla 900 (.*): Regla por defecto: todo lo que no cae en un supuesto emergente se contabiliza como productividad, y se marca con incidencia PROGRAMA_CLASIFICADO_POR_DEFECTO para revisión humana.","Acuerdo de trabajo: catch-all auditable, nunca silencioso",2026-08-13 16:24:06.522473+00
464,SISTEMA DE BOMBEO SOLAR P/ SUM. DE AGUA P/GANADO,,PRODUCTIVIDAD,"Regla 900 (.*): Regla por defecto: todo lo que no cae en un supuesto emergente se contabiliza como productividad, y se marca con incidencia PROGRAMA_CLASIFICADO_POR_DEFECTO para revisión humana.","Acuerdo de trabajo: catch-all auditable, nunca silencioso",2026-08-13 16:24:06.522473+00
465,ESTANQUE CIRCULAR DE POLIETILENO,,PRODUCTIVIDAD,"Regla 900 (.*): Regla por defecto: todo lo que no cae en un supuesto emergente se contabiliza como productividad, y se marca con incidencia PROGRAMA_CLASIFICADO_POR_DEFECTO para revisión humana.","Acuerdo de trabajo: catch-all auditable, nunca silencioso",2026-08-13 16:24:06.522473+00
466,BEBEDERO,,PRODUCTIVIDAD,"Regla 900 (.*): Regla por defecto: todo lo que no cae en un supuesto emergente se contabiliza como productividad, y se marca con incidencia PROGRAMA_CLASIFICADO_POR_DEFECTO para revisión humana.","Acuerdo de trabajo: catch-all auditable, nunca silencioso",2026-08-13 16:24:06.522473+00
467,TINACO,,PRODUCTIVIDAD,"Regla 900 (.*): Regla por defecto: todo lo que no cae en un supuesto emergente se contabiliza como productividad, y se marca con incidencia PROGRAMA_CLASIFICADO_POR_DEFECTO para revisión humana.","Acuerdo de trabajo: catch-all auditable, nunca silencioso",2026-08-13 16:24:06.522473+00
468,CORRAL DE MANEJO,,PRODUCTIVIDAD,"Regla 900 (.*): Regla por defecto: todo lo que no cae en un supuesto emergente se contabiliza como productividad, y se marca con incidencia PROGRAMA_CLASIFICADO_POR_DEFECTO para revisión humana.","Acuerdo de trabajo: catch-all auditable, nunca silencioso",2026-08-13 16:24:06.522473+00
469,TERMO PECUARIO,,PRODUCTIVIDAD,"Regla 900 (.*): Regla por defecto: todo lo que no cae en un supuesto emergente se contabiliza como productividad, y se marca con incidencia PROGRAMA_CLASIFICADO_POR_DEFECTO para revisión humana.","Acuerdo de trabajo: catch-all auditable, nunca silencioso",2026-08-13 16:24:06.522473+00
470,ACOLCHADORA,,PRODUCTIVIDAD,"Regla 900 (.*): Regla por defecto: todo lo que no cae en un supuesto emergente se contabiliza como productividad, y se marca con incidencia PROGRAMA_CLASIFICADO_POR_DEFECTO para revisión humana.","Acuerdo de trabajo: catch-all auditable, nunca silencioso",2026-08-13 16:24:06.522473+00
471,ASPERSORA DE MOTOR,,PRODUCTIVIDAD,"Regla 900 (.*): Regla por defecto: todo lo que no cae en un supuesto emergente se contabiliza como productividad, y se marca con incidencia PROGRAMA_CLASIFICADO_POR_DEFECTO para revisión humana.","Acuerdo de trabajo: catch-all auditable, nunca silencioso",2026-08-13 16:24:06.522473+00
472,ENSILADORA AGRÍCOLA,,PRODUCTIVIDAD,"Regla 900 (.*): Regla por defecto: todo lo que no cae en un supuesto emergente se contabiliza como productividad, y se marca con incidencia PROGRAMA_CLASIFICADO_POR_DEFECTO para revisión humana.","Acuerdo de trabajo: catch-all auditable, nunca silencioso",2026-08-13 16:24:06.522473+00
473,SEMEN BOVINO,,PRODUCTIVIDAD,"Regla 900 (.*): Regla por defecto: todo lo que no cae en un supuesto emergente se contabiliza como productividad, y se marca con incidencia PROGRAMA_CLASIFICADO_POR_DEFECTO para revisión humana.","Acuerdo de trabajo: catch-all auditable, nunca silencioso",2026-08-13 16:24:06.522473+00
474,REHABILITACIÓN DE MACRO TÚNEL,,PRODUCTIVIDAD,"Regla 900 (.*): Regla por defecto: todo lo que no cae en un supuesto emergente se contabiliza como productividad, y se marca con incidencia PROGRAMA_CLASIFICADO_POR_DEFECTO para revisión humana.","Acuerdo de trabajo: catch-all auditable, nunca silencioso",2026-08-13 16:24:06.522473+00
475,DESEMPEDRADORA,,PRODUCTIVIDAD,"Regla 900 (.*): Regla por defecto: todo lo que no cae en un supuesto emergente se contabiliza como productividad, y se marca con incidencia PROGRAMA_CLASIFICADO_POR_DEFECTO para revisión humana.","Acuerdo de trabajo: catch-all auditable, nunca silencioso",2026-08-13 16:24:06.522473+00
476,EQUIPO DE ULTRASONIDO,,PRODUCTIVIDAD,"Regla 900 (.*): Regla por defecto: todo lo que no cae en un supuesto emergente se contabiliza como productividad, y se marca con incidencia PROGRAMA_CLASIFICADO_POR_DEFECTO para revisión humana.","Acuerdo de trabajo: catch-all auditable, nunca silencioso",2026-08-13 16:24:06.522473+00
477,ESTANQUE CIRCULAR DE GEOMEMBRANA (ACUÍCOLA),,PRODUCTIVIDAD,"Regla 900 (.*): Regla por defecto: todo lo que no cae en un supuesto emergente se contabiliza como productividad, y se marca con incidencia PROGRAMA_CLASIFICADO_POR_DEFECTO para revisión humana.","Acuerdo de trabajo: catch-all auditable, nunca silencioso",2026-08-13 16:24:06.522473+00
478,BOMBA CENTRÍFUGA,,PRODUCTIVIDAD,"Regla 900 (.*): Regla por defecto: todo lo que no cae en un supuesto emergente se contabiliza como productividad, y se marca con incidencia PROGRAMA_CLASIFICADO_POR_DEFECTO para revisión humana.","Acuerdo de trabajo: catch-all auditable, nunca silencioso",2026-08-13 16:24:06.522473+00
479,ESTANQUE CIRCULAR DE POLIETILENO (ACUÍCOLA),,PRODUCTIVIDAD,"Regla 900 (.*): Regla por defecto: todo lo que no cae en un supuesto emergente se contabiliza como productividad, y se marca con incidencia PROGRAMA_CLASIFICADO_POR_DEFECTO para revisión humana.","Acuerdo de trabajo: catch-all auditable, nunca silencioso",2026-08-13 16:24:06.522473+00
480,EQUIPO BIO FABRICA DE FERTILIZANTE,,PRODUCTIVIDAD,"Regla 900 (.*): Regla por defecto: todo lo que no cae en un supuesto emergente se contabiliza como productividad, y se marca con incidencia PROGRAMA_CLASIFICADO_POR_DEFECTO para revisión humana.","Acuerdo de trabajo: catch-all auditable, nunca silencioso",2026-08-13 16:24:06.522473+00
481,SEMENTAL BOVINO CON REGISTRO,,PRODUCTIVIDAD,"Regla 900 (.*): Regla por defecto: todo lo que no cae en un supuesto emergente se contabiliza como productividad, y se marca con incidencia PROGRAMA_CLASIFICADO_POR_DEFECTO para revisión humana.","Acuerdo de trabajo: catch-all auditable, nunca silencioso",2026-08-13 16:24:06.522473+00
482,MANGUERA PARA CONDUCCIÓN DE AGUA,,PRODUCTIVIDAD,"Regla 900 (.*): Regla por defecto: todo lo que no cae en un supuesto emergente se contabiliza como productividad, y se marca con incidencia PROGRAMA_CLASIFICADO_POR_DEFECTO para revisión humana.","Acuerdo de trabajo: catch-all auditable, nunca silencioso",2026-08-13 16:24:06.522473+00
483,VIENTRE BOVINO CON REGISTRO,,PRODUCTIVIDAD,"Regla 900 (.*): Regla por defecto: todo lo que no cae en un supuesto emergente se contabiliza como productividad, y se marca con incidencia PROGRAMA_CLASIFICADO_POR_DEFECTO para revisión humana.","Acuerdo de trabajo: catch-all auditable, nunca silencioso",2026-08-13 16:24:06.522473+00
484,"CISTERNA DE 5,000 LTS",,PRODUCTIVIDAD,"Regla 900 (.*): Regla por defecto: todo lo que no cae en un supuesto emergente se contabiliza como productividad, y se marca con incidencia PROGRAMA_CLASIFICADO_POR_DEFECTO para revisión humana.","Acuerdo de trabajo: catch-all auditable, nunca silencioso",2026-08-13 16:24:06.522473+00
485,SEMENTAL Y VIENTRE BOVINO CON REGISTRO,,PRODUCTIVIDAD,"Regla 900 (.*): Regla por defecto: todo lo que no cae en un supuesto emergente se contabiliza como productividad, y se marca con incidencia PROGRAMA_CLASIFICADO_POR_DEFECTO para revisión humana.","Acuerdo de trabajo: catch-all auditable, nunca silencioso",2026-08-13 16:24:06.522473+00
486,EMBRIONES BOVINOS,,PRODUCTIVIDAD,"Regla 900 (.*): Regla por defecto: todo lo que no cae en un supuesto emergente se contabiliza como productividad, y se marca con incidencia PROGRAMA_CLASIFICADO_POR_DEFECTO para revisión humana.","Acuerdo de trabajo: catch-all auditable, nunca silencioso",2026-08-13 16:24:06.522473+00
487,PROYECTOS ESTRATEGICOS AGRÍCOLAS,,PRODUCTIVIDAD,"Regla 900 (.*): Regla por defecto: todo lo que no cae en un supuesto emergente se contabiliza como productividad, y se marca con incidencia PROGRAMA_CLASIFICADO_POR_DEFECTO para revisión humana.","Acuerdo de trabajo: catch-all auditable, nunca silencioso",2026-08-13 16:24:06.522473+00
488,SISTEMA DE RIEGO POR MULTICOMPUERTAS Y/O LINEAS DE CONDUCCION CON HIDRANTES,,PRODUCTIVIDAD,"Regla 900 (.*): Regla por defecto: todo lo que no cae en un supuesto emergente se contabiliza como productividad, y se marca con incidencia PROGRAMA_CLASIFICADO_POR_DEFECTO para revisión humana.","Acuerdo de trabajo: catch-all auditable, nunca silencioso",2026-08-13 16:24:06.522473+00
489,SRT: SISTEMA DE RIEGO POR GOTEO PARA 9 HA,,PRODUCTIVIDAD,"Regla 900 (.*): Regla por defecto: todo lo que no cae en un supuesto emergente se contabiliza como productividad, y se marca con incidencia PROGRAMA_CLASIFICADO_POR_DEFECTO para revisión humana.","Acuerdo de trabajo: catch-all auditable, nunca silencioso",2026-08-13 16:24:06.522473+00
490,"ESTUFA ECOLÓGICA, CARRETILLA Y MICHILA ASPERSORA",,PRODUCTIVIDAD,"Regla 900 (.*): Regla por defecto: todo lo que no cae en un supuesto emergente se contabiliza como productividad, y se marca con incidencia PROGRAMA_CLASIFICADO_POR_DEFECTO para revisión humana.","Acuerdo de trabajo: catch-all auditable, nunca silencioso",2026-08-13 16:24:06.522473+00
491,CORTADORA HILEADORA,,PRODUCTIVIDAD,"Regla 900 (.*): Regla por defecto: todo lo que no cae en un supuesto emergente se contabiliza como productividad, y se marca con incidencia PROGRAMA_CLASIFICADO_POR_DEFECTO para revisión humana.","Acuerdo de trabajo: catch-all auditable, nunca silencioso",2026-08-13 16:24:06.522473+00
492,REHABILITACIÓN DE SISTEMA DE RIEGO POR GOTEO,,PRODUCTIVIDAD,"Regla 900 (.*): Regla por defecto: todo lo que no cae en un supuesto emergente se contabiliza como productividad, y se marca con incidencia PROGRAMA_CLASIFICADO_POR_DEFECTO para revisión humana.","Acuerdo de trabajo: catch-all auditable, nunca silencioso",2026-08-13 16:24:06.522473+00
493,MEZCLADORA DE ALIMENTOS,,PRODUCTIVIDAD,"Regla 900 (.*): Regla por defecto: todo lo que no cae en un supuesto emergente se contabiliza como productividad, y se marca con incidencia PROGRAMA_CLASIFICADO_POR_DEFECTO para revisión humana.","Acuerdo de trabajo: catch-all auditable, nunca silencioso",2026-08-13 16:24:06.522473+00
494,"SRT: REHABILITACION DEL SISTEMA ELECTROMECANICO DEL POZO OFICIAL NO 36, EN EL EJIDO EL SAUZ PEDRO ESCOBEDO Y POZO OFICIAL NO. 33 EN EL EJIDO EL ORGANAL SAN JUAN DEL RÍO",,PRODUCTIVIDAD,"Regla 900 (.*): Regla por defecto: todo lo que no cae en un supuesto emergente se contabiliza como productividad, y se marca con incidencia PROGRAMA_CLASIFICADO_POR_DEFECTO para revisión humana.","Acuerdo de trabajo: catch-all auditable, nunca silencioso",2026-08-13 16:24:06.522473+00
495,PAQUETE TECNOLÓGICO (INSUMO PARA AGRICULTURA),,PRODUCTIVIDAD,"Regla 900 (.*): Regla por defecto: todo lo que no cae en un supuesto emergente se contabiliza como productividad, y se marca con incidencia PROGRAMA_CLASIFICADO_POR_DEFECTO para revisión humana.","Acuerdo de trabajo: catch-all auditable, nunca silencioso",2026-08-13 16:24:06.522473+00
496,SRT: SISTEMA DE RIEGO POR MULTICOMPUERTAS,,PRODUCTIVIDAD,"Regla 900 (.*): Regla por defecto: todo lo que no cae en un supuesto emergente se contabiliza como productividad, y se marca con incidencia PROGRAMA_CLASIFICADO_POR_DEFECTO para revisión humana.","Acuerdo de trabajo: catch-all auditable, nunca silencioso",2026-08-13 16:24:06.522473+00
497,DESTERRONADOR,,PRODUCTIVIDAD,"Regla 900 (.*): Regla por defecto: todo lo que no cae en un supuesto emergente se contabiliza como productividad, y se marca con incidencia PROGRAMA_CLASIFICADO_POR_DEFECTO para revisión humana.","Acuerdo de trabajo: catch-all auditable, nunca silencioso",2026-08-13 16:24:06.522473+00
498,PERFORACION DE POZO,,PRODUCTIVIDAD,"Regla 900 (.*): Regla por defecto: todo lo que no cae en un supuesto emergente se contabiliza como productividad, y se marca con incidencia PROGRAMA_CLASIFICADO_POR_DEFECTO para revisión humana.","Acuerdo de trabajo: catch-all auditable, nunca silencioso",2026-08-13 16:24:06.522473+00
499,PAQUETE DE MEDICAMIENTOS,,PRODUCTIVIDAD,"Regla 900 (.*): Regla por defecto: todo lo que no cae en un supuesto emergente se contabiliza como productividad, y se marca con incidencia PROGRAMA_CLASIFICADO_POR_DEFECTO para revisión humana.","Acuerdo de trabajo: catch-all auditable, nunca silencioso",2026-08-13 16:24:06.522473+00
500,RASTRA HIDRAHULICA,,PRODUCTIVIDAD,"Regla 900 (.*): Regla por defecto: todo lo que no cae en un supuesto emergente se contabiliza como productividad, y se marca con incidencia PROGRAMA_CLASIFICADO_POR_DEFECTO para revisión humana.","Acuerdo de trabajo: catch-all auditable, nunca silencioso",2026-08-13 16:24:06.522473+00
501,NIVELADORA (ESCREPA),,PRODUCTIVIDAD,"Regla 900 (.*): Regla por defecto: todo lo que no cae en un supuesto emergente se contabiliza como productividad, y se marca con incidencia PROGRAMA_CLASIFICADO_POR_DEFECTO para revisión humana.","Acuerdo de trabajo: catch-all auditable, nunca silencioso",2026-08-13 16:24:06.522473+00
502,CONO FERTILIZADOR,,PRODUCTIVIDAD,"Regla 900 (.*): Regla por defecto: todo lo que no cae en un supuesto emergente se contabiliza como productividad, y se marca con incidencia PROGRAMA_CLASIFICADO_POR_DEFECTO para revisión humana.","Acuerdo de trabajo: catch-all auditable, nunca silencioso",2026-08-13 16:24:06.522473+00
503,SEMBRADORA FERTILIZADORA,,PRODUCTIVIDAD,"Regla 900 (.*): Regla por defecto: todo lo que no cae en un supuesto emergente se contabiliza como productividad, y se marca con incidencia PROGRAMA_CLASIFICADO_POR_DEFECTO para revisión humana.","Acuerdo de trabajo: catch-all auditable, nunca silencioso",2026-08-13 16:24:06.522473+00
504,"PAQUETE PEQUEÑA ESCALA (ASPERSORA, DESBROZADORA)",,PRODUCTIVIDAD,"Regla 900 (.*): Regla por defecto: todo lo que no cae en un supuesto emergente se contabiliza como productividad, y se marca con incidencia PROGRAMA_CLASIFICADO_POR_DEFECTO para revisión humana.","Acuerdo de trabajo: catch-all auditable, nunca silencioso",2026-08-13 16:24:06.522473+00
505,"PAQUETE PEQUEÑA ESCALA (DESBROZADORA, DESGRANADORA DE MAÍZ, MOTOBOMBA)",,PRODUCTIVIDAD,"Regla 900 (.*): Regla por defecto: todo lo que no cae en un supuesto emergente se contabiliza como productividad, y se marca con incidencia PROGRAMA_CLASIFICADO_POR_DEFECTO para revisión humana.","Acuerdo de trabajo: catch-all auditable, nunca silencioso",2026-08-13 16:24:06.522473+00
506,PROYECTO ESTRATEGICO AGRÍCOLA,,PRODUCTIVIDAD,"Regla 900 (.*): Regla por defecto: todo lo que no cae en un supuesto emergente se contabiliza como productividad, y se marca con incidencia PROGRAMA_CLASIFICADO_POR_DEFECTO para revisión humana.","Acuerdo de trabajo: catch-all auditable, nunca silencioso",2026-08-13 16:24:06.522473+00
507,REMOLQUE AGRÍCOLA,,PRODUCTIVIDAD,"Regla 900 (.*): Regla por defecto: todo lo que no cae en un supuesto emergente se contabiliza como productividad, y se marca con incidencia PROGRAMA_CLASIFICADO_POR_DEFECTO para revisión humana.","Acuerdo de trabajo: catch-all auditable, nunca silencioso",2026-08-13 16:24:06.522473+00
508,"PAQUETE PEQUEÑA ESCALA (DESBROZADORA, TINACO USO AGROPECUARIO (10,000 L))",,PRODUCTIVIDAD,"Regla 900 (.*): Regla por defecto: todo lo que no cae en un supuesto emergente se contabiliza como productividad, y se marca con incidencia PROGRAMA_CLASIFICADO_POR_DEFECTO para revisión humana.","Acuerdo de trabajo: catch-all auditable, nunca silencioso",2026-08-13 16:24:06.522473+00
509,SISTEMA DE RIEGO POR COMPUERTAS,,PRODUCTIVIDAD,"Regla 900 (.*): Regla por defecto: todo lo que no cae en un supuesto emergente se contabiliza como productividad, y se marca con incidencia PROGRAMA_CLASIFICADO_POR_DEFECTO para revisión humana.","Acuerdo de trabajo: catch-all auditable, nunca silencioso",2026-08-13 16:24:06.522473+00
510,MULTICULTIVADOR DE CONCERVACION,,PRODUCTIVIDAD,"Regla 900 (.*): Regla por defecto: todo lo que no cae en un supuesto emergente se contabiliza como productividad, y se marca con incidencia PROGRAMA_CLASIFICADO_POR_DEFECTO para revisión humana.","Acuerdo de trabajo: catch-all auditable, nunca silencioso",2026-08-13 16:24:06.522473+00
511,"PAQUETE PEQUEÑA ESCALA (DESBROZADORA, MOCHILA ASPERSORA)",,PRODUCTIVIDAD,"Regla 900 (.*): Regla por defecto: todo lo que no cae en un supuesto emergente se contabiliza como productividad, y se marca con incidencia PROGRAMA_CLASIFICADO_POR_DEFECTO para revisión humana.","Acuerdo de trabajo: catch-all auditable, nunca silencioso",2026-08-13 16:24:06.522473+00
512,MALLA CICLÓNICA,,PRODUCTIVIDAD,"Regla 900 (.*): Regla por defecto: todo lo que no cae en un supuesto emergente se contabiliza como productividad, y se marca con incidencia PROGRAMA_CLASIFICADO_POR_DEFECTO para revisión humana.","Acuerdo de trabajo: catch-all auditable, nunca silencioso",2026-08-13 16:24:06.522473+00
513,SISTEMA DE COSECHA DE AGUA DELLUVIA ( CAPTACIÓN Y DEPOSITO DE AGUA),,PRODUCTIVIDAD,"Regla 900 (.*): Regla por defecto: todo lo que no cae en un supuesto emergente se contabiliza como productividad, y se marca con incidencia PROGRAMA_CLASIFICADO_POR_DEFECTO para revisión humana.","Acuerdo de trabajo: catch-all auditable, nunca silencioso",2026-08-13 16:24:06.522473+00
514,PLANTA DE AGUACATE,,PRODUCTIVIDAD,"Regla 900 (.*): Regla por defecto: todo lo que no cae en un supuesto emergente se contabiliza como productividad, y se marca con incidencia PROGRAMA_CLASIFICADO_POR_DEFECTO para revisión humana.","Acuerdo de trabajo: catch-all auditable, nunca silencioso",2026-08-13 16:24:06.522473+00
515,MATERIAL VEGETATIVO (NOPAL),,PRODUCTIVIDAD,"Regla 900 (.*): Regla por defecto: todo lo que no cae en un supuesto emergente se contabiliza como productividad, y se marca con incidencia PROGRAMA_CLASIFICADO_POR_DEFECTO para revisión humana.","Acuerdo de trabajo: catch-all auditable, nunca silencioso",2026-08-13 16:24:06.522473+00
516,DESASOLVE DE BORDO,,PRODUCTIVIDAD,"Regla 900 (.*): Regla por defecto: todo lo que no cae en un supuesto emergente se contabiliza como productividad, y se marca con incidencia PROGRAMA_CLASIFICADO_POR_DEFECTO para revisión humana.","Acuerdo de trabajo: catch-all auditable, nunca silencioso",2026-08-13 16:24:06.522473+00
517,PROYECTO ESTRATEGICO (BOMBA ELECTRICA TRIFASICA),,PRODUCTIVIDAD,"Regla 900 (.*): Regla por defecto: todo lo que no cae en un supuesto emergente se contabiliza como productividad, y se marca con incidencia PROGRAMA_CLASIFICADO_POR_DEFECTO para revisión humana.","Acuerdo de trabajo: catch-all auditable, nunca silencioso",2026-08-13 16:24:06.522473+00
518,MOLINO PARA QUESO Y GRANOS,,PRODUCTIVIDAD,"Regla 900 (.*): Regla por defecto: todo lo que no cae en un supuesto emergente se contabiliza como productividad, y se marca con incidencia PROGRAMA_CLASIFICADO_POR_DEFECTO para revisión humana.","Acuerdo de trabajo: catch-all auditable, nunca silencioso",2026-08-13 16:24:06.522473+00
519,SEMENTAL OVINO,,PRODUCTIVIDAD,"Regla 900 (.*): Regla por defecto: todo lo que no cae en un supuesto emergente se contabiliza como productividad, y se marca con incidencia PROGRAMA_CLASIFICADO_POR_DEFECTO para revisión humana.","Acuerdo de trabajo: catch-all auditable, nunca silencioso",2026-08-13 16:24:06.522473+00
520,PROYECTO ESTRATEGICO (EQUIPAMIENTO PARA GALLINERO),,PRODUCTIVIDAD,"Regla 900 (.*): Regla por defecto: todo lo que no cae en un supuesto emergente se contabiliza como productividad, y se marca con incidencia PROGRAMA_CLASIFICADO_POR_DEFECTO para revisión humana.","Acuerdo de trabajo: catch-all auditable, nunca silencioso",2026-08-13 16:24:06.522473+00
521,ELECTROBOMBA,,PRODUCTIVIDAD,"Regla 900 (.*): Regla por defecto: todo lo que no cae en un supuesto emergente se contabiliza como productividad, y se marca con incidencia PROGRAMA_CLASIFICADO_POR_DEFECTO para revisión humana.","Acuerdo de trabajo: catch-all auditable, nunca silencioso",2026-08-13 16:24:06.522473+00
522,PROYECTO ESTRATÉGICO (CORRAL DE MANEJO),,PRODUCTIVIDAD,"Regla 900 (.*): Regla por defecto: todo lo que no cae en un supuesto emergente se contabiliza como productividad, y se marca con incidencia PROGRAMA_CLASIFICADO_POR_DEFECTO para revisión humana.","Acuerdo de trabajo: catch-all auditable, nunca silencioso",2026-08-13 16:24:06.522473+00
523,REMOLQUE DE USO PRODUCTIVO PECUARIO,,PRODUCTIVIDAD,"Regla 900 (.*): Regla por defecto: todo lo que no cae en un supuesto emergente se contabiliza como productividad, y se marca con incidencia PROGRAMA_CLASIFICADO_POR_DEFECTO para revisión humana.","Acuerdo de trabajo: catch-all auditable, nunca silencioso",2026-08-13 16:24:06.522473+00
524,CERCO DE PROTECCIÓN DE PARCELA (MALLA),,PRODUCTIVIDAD,"Regla 900 (.*): Regla por defecto: todo lo que no cae en un supuesto emergente se contabiliza como productividad, y se marca con incidencia PROGRAMA_CLASIFICADO_POR_DEFECTO para revisión humana.","Acuerdo de trabajo: catch-all auditable, nunca silencioso",2026-08-13 16:24:06.522473+00
525,PROYECTO ESTRATEGICO (BOMBA SUMERGIBLE),,PRODUCTIVIDAD,"Regla 900 (.*): Regla por defecto: todo lo que no cae en un supuesto emergente se contabiliza como productividad, y se marca con incidencia PROGRAMA_CLASIFICADO_POR_DEFECTO para revisión humana.","Acuerdo de trabajo: catch-all auditable, nunca silencioso",2026-08-13 16:24:06.522473+00
526,CERCO DE PROTECCIÓN DE PARCELA (ALAMBRE DE PÚAS),,PRODUCTIVIDAD,"Regla 900 (.*): Regla por defecto: todo lo que no cae en un supuesto emergente se contabiliza como productividad, y se marca con incidencia PROGRAMA_CLASIFICADO_POR_DEFECTO para revisión humana.","Acuerdo de trabajo: catch-all auditable, nunca silencioso",2026-08-13 16:24:06.522473+00
527,TÚNEL DE ARCO CERRADO (ACUÍCOLA),,PRODUCTIVIDAD,"Regla 900 (.*): Regla por defecto: todo lo que no cae en un supuesto emergente se contabiliza como productividad, y se marca con incidencia PROGRAMA_CLASIFICADO_POR_DEFECTO para revisión humana.","Acuerdo de trabajo: catch-all auditable, nunca silencioso",2026-08-13 16:24:06.522473+00
528,SISTEMA DE COSECHA DE AGUA DE LLUVIA (AREA DE CAPTACION Y DEPOSITO DE AGUA),,PRODUCTIVIDAD,"Regla 900 (.*): Regla por defecto: todo lo que no cae en un supuesto emergente se contabiliza como productividad, y se marca con incidencia PROGRAMA_CLASIFICADO_POR_DEFECTO para revisión humana.","Acuerdo de trabajo: catch-all auditable, nunca silencioso",2026-08-13 16:24:06.522473+00
529,REMOLQUE DE USO PRODUTIVO,,PRODUCTIVIDAD,"Regla 900 (.*): Regla por defecto: todo lo que no cae en un supuesto emergente se contabiliza como productividad, y se marca con incidencia PROGRAMA_CLASIFICADO_POR_DEFECTO para revisión humana.","Acuerdo de trabajo: catch-all auditable, nunca silencioso",2026-08-13 16:24:06.522473+00
530,ESTANQUE CIRCULAR DE GEOMEMBRANA,,PRODUCTIVIDAD,"Regla 900 (.*): Regla por defecto: todo lo que no cae en un supuesto emergente se contabiliza como productividad, y se marca con incidencia PROGRAMA_CLASIFICADO_POR_DEFECTO para revisión humana.","Acuerdo de trabajo: catch-all auditable, nunca silencioso",2026-08-13 16:24:06.522473+00
531,REMOLQUE DE USO AGRICOLA,,PRODUCTIVIDAD,"Regla 900 (.*): Regla por defecto: todo lo que no cae en un supuesto emergente se contabiliza como productividad, y se marca con incidencia PROGRAMA_CLASIFICADO_POR_DEFECTO para revisión humana.","Acuerdo de trabajo: catch-all auditable, nunca silencioso",2026-08-13 16:24:06.522473+00
532,CERCO DE ALAMBRE DE PÚAS (POSTES),,PRODUCTIVIDAD,"Regla 900 (.*): Regla por defecto: todo lo que no cae en un supuesto emergente se contabiliza como productividad, y se marca con incidencia PROGRAMA_CLASIFICADO_POR_DEFECTO para revisión humana.","Acuerdo de trabajo: catch-all auditable, nunca silencioso",2026-08-13 16:24:06.522473+00
533,PLANTA DE NOGAL,,PRODUCTIVIDAD,"Regla 900 (.*): Regla por defecto: todo lo que no cae en un supuesto emergente se contabiliza como productividad, y se marca con incidencia PROGRAMA_CLASIFICADO_POR_DEFECTO para revisión humana.","Acuerdo de trabajo: catch-all auditable, nunca silencioso",2026-08-13 16:24:06.522473+00
534,DESAZOLVE DE PRESA A MANO,,PRODUCTIVIDAD,"Regla 900 (.*): Regla por defecto: todo lo que no cae en un supuesto emergente se contabiliza como productividad, y se marca con incidencia PROGRAMA_CLASIFICADO_POR_DEFECTO para revisión humana.","Acuerdo de trabajo: catch-all auditable, nunca silencioso",2026-08-13 16:24:06.522473+00
535,VIENTRES BOVINOS GESTANTES CON REGISTRO,,PRODUCTIVIDAD,"Regla 900 (.*): Regla por defecto: todo lo que no cae en un supuesto emergente se contabiliza como productividad, y se marca con incidencia PROGRAMA_CLASIFICADO_POR_DEFECTO para revisión humana.","Acuerdo de trabajo: catch-all auditable, nunca silencioso",2026-08-13 16:24:06.522473+00
536,SISTEMA DE BOMBEO SOLAR PARA RIEGO,,PRODUCTIVIDAD,"Regla 900 (.*): Regla por defecto: todo lo que no cae en un supuesto emergente se contabiliza como productividad, y se marca con incidencia PROGRAMA_CLASIFICADO_POR_DEFECTO para revisión humana.","Acuerdo de trabajo: catch-all auditable, nunca silencioso",2026-08-13 16:24:06.522473+00
537,MATERIAL VEGETATIVO (NOGAL),,PRODUCTIVIDAD,"Regla 900 (.*): Regla por defecto: todo lo que no cae en un supuesto emergente se contabiliza como productividad, y se marca con incidencia PROGRAMA_CLASIFICADO_POR_DEFECTO para revisión humana.","Acuerdo de trabajo: catch-all auditable, nunca silencioso",2026-08-13 16:24:06.522473+00
538,MALLA DE PROTECCION,,PRODUCTIVIDAD,"Regla 900 (.*): Regla por defecto: todo lo que no cae en un supuesto emergente se contabiliza como productividad, y se marca con incidencia PROGRAMA_CLASIFICADO_POR_DEFECTO para revisión humana.","Acuerdo de trabajo: catch-all auditable, nunca silencioso",2026-08-13 16:24:06.522473+00
539,EQUIPO DE BOMBEO Y CONDUCCION DE AGUA,,PRODUCTIVIDAD,"Regla 900 (.*): Regla por defecto: todo lo que no cae en un supuesto emergente se contabiliza como productividad, y se marca con incidencia PROGRAMA_CLASIFICADO_POR_DEFECTO para revisión humana.","Acuerdo de trabajo: catch-all auditable, nunca silencioso",2026-08-13 16:24:06.522473+00
540,MOLINO PARA NIXTAMAL,,PRODUCTIVIDAD,"Regla 900 (.*): Regla por defecto: todo lo que no cae en un supuesto emergente se contabiliza como productividad, y se marca con incidencia PROGRAMA_CLASIFICADO_POR_DEFECTO para revisión humana.","Acuerdo de trabajo: catch-all auditable, nunca silencioso",2026-08-13 16:24:06.522473+00
541,"CISTERNA DE 10,000 LTS",,PRODUCTIVIDAD,"Regla 900 (.*): Regla por defecto: todo lo que no cae en un supuesto emergente se contabiliza como productividad, y se marca con incidencia PROGRAMA_CLASIFICADO_POR_DEFECTO para revisión humana.","Acuerdo de trabajo: catch-all auditable, nunca silencioso",2026-08-13 16:24:06.522473+00
542,"TINACOS PARA USO AGROPECUARIO (2,500 LTS)",,PRODUCTIVIDAD,"Regla 900 (.*): Regla por defecto: todo lo que no cae en un supuesto emergente se contabiliza como productividad, y se marca con incidencia PROGRAMA_CLASIFICADO_POR_DEFECTO para revisión humana.","Acuerdo de trabajo: catch-all auditable, nunca silencioso",2026-08-13 16:24:06.522473+00
543,SISTEMA DE COSECHA DE AGUA DE LLUVIA(AREA DE CAPTACION),,PRODUCTIVIDAD,"Regla 900 (.*): Regla por defecto: todo lo que no cae en un supuesto emergente se contabiliza como productividad, y se marca con incidencia PROGRAMA_CLASIFICADO_POR_DEFECTO para revisión humana.","Acuerdo de trabajo: catch-all auditable, nunca silencioso",2026-08-13 16:24:06.522473+00
544,TELA BORREGUERA,,PRODUCTIVIDAD,"Regla 900 (.*): Regla por defecto: todo lo que no cae en un supuesto emergente se contabiliza como productividad, y se marca con incidencia PROGRAMA_CLASIFICADO_POR_DEFECTO para revisión humana.","Acuerdo de trabajo: catch-all auditable, nunca silencioso",2026-08-13 16:24:06.522473+00
545,"TINACOS PARA USO AGROPECUARIO (1,100 LTS)",,PRODUCTIVIDAD,"Regla 900 (.*): Regla por defecto: todo lo que no cae en un supuesto emergente se contabiliza como productividad, y se marca con incidencia PROGRAMA_CLASIFICADO_POR_DEFECTO para revisión humana.","Acuerdo de trabajo: catch-all auditable, nunca silencioso",2026-08-13 16:24:06.522473+00
546,CERCO DE PROTECCIÓN DE PARCELA,,PRODUCTIVIDAD,"Regla 900 (.*): Regla por defecto: todo lo que no cae en un supuesto emergente se contabiliza como productividad, y se marca con incidencia PROGRAMA_CLASIFICADO_POR_DEFECTO para revisión humana.","Acuerdo de trabajo: catch-all auditable, nunca silencioso",2026-08-13 16:24:06.522473+00
547,HIDROLAVADORA ELÉCTRICA,,PRODUCTIVIDAD,"Regla 900 (.*): Regla por defecto: todo lo que no cae en un supuesto emergente se contabiliza como productividad, y se marca con incidencia PROGRAMA_CLASIFICADO_POR_DEFECTO para revisión humana.","Acuerdo de trabajo: catch-all auditable, nunca silencioso",2026-08-13 16:24:06.522473+00
548,SISTEMA DE COSECHA DE AGUA DE LLUVIA (ÁREA CAPTACIÓN),,PRODUCTIVIDAD,"Regla 900 (.*): Regla por defecto: todo lo que no cae en un supuesto emergente se contabiliza como productividad, y se marca con incidencia PROGRAMA_CLASIFICADO_POR_DEFECTO para revisión humana.","Acuerdo de trabajo: catch-all auditable, nunca silencioso",2026-08-13 16:24:06.522473+00
549,CARRETILLA Y MOCHILA ASPERSORA,,PRODUCTIVIDAD,"Regla 900 (.*): Regla por defecto: todo lo que no cae en un supuesto emergente se contabiliza como productividad, y se marca con incidencia PROGRAMA_CLASIFICADO_POR_DEFECTO para revisión humana.","Acuerdo de trabajo: catch-all auditable, nunca silencioso",2026-08-13 16:24:06.522473+00
550,"EQUIPO, TRANSFORMACIÓN Y PRODUCCIÓN DE MIEL",,PRODUCTIVIDAD,"Regla 900 (.*): Regla por defecto: todo lo que no cae en un supuesto emergente se contabiliza como productividad, y se marca con incidencia PROGRAMA_CLASIFICADO_POR_DEFECTO para revisión humana.","Acuerdo de trabajo: catch-all auditable, nunca silencioso",2026-08-13 16:24:06.522473+00
551,TINACO 1100 LT,,PRODUCTIVIDAD,"Regla 900 (.*): Regla por defecto: todo lo que no cae en un supuesto emergente se contabiliza como productividad, y se marca con incidencia PROGRAMA_CLASIFICADO_POR_DEFECTO para revisión humana.","Acuerdo de trabajo: catch-all auditable, nunca silencioso",2026-08-13 16:24:06.522473+00
552,PAQUETE DE JARDINERO,,PRODUCTIVIDAD,"Regla 900 (.*): Regla por defecto: todo lo que no cae en un supuesto emergente se contabiliza como productividad, y se marca con incidencia PROGRAMA_CLASIFICADO_POR_DEFECTO para revisión humana.","Acuerdo de trabajo: catch-all auditable, nunca silencioso",2026-08-13 16:24:06.522473+00
553,CISTERNA 5000 LT,,PRODUCTIVIDAD,"Regla 900 (.*): Regla por defecto: todo lo que no cae en un supuesto emergente se contabiliza como productividad, y se marca con incidencia PROGRAMA_CLASIFICADO_POR_DEFECTO para revisión humana.","Acuerdo de trabajo: catch-all auditable, nunca silencioso",2026-08-13 16:24:06.522473+00
554,CISTERNA 2800 LTS,,PRODUCTIVIDAD,"Regla 900 (.*): Regla por defecto: todo lo que no cae en un supuesto emergente se contabiliza como productividad, y se marca con incidencia PROGRAMA_CLASIFICADO_POR_DEFECTO para revisión humana.","Acuerdo de trabajo: catch-all auditable, nunca silencioso",2026-08-13 16:24:06.522473+00
555,CISTERNA 10 000 LTS,,PRODUCTIVIDAD,"Regla 900 (.*): Regla por defecto: todo lo que no cae en un supuesto emergente se contabiliza como productividad, y se marca con incidencia PROGRAMA_CLASIFICADO_POR_DEFECTO para revisión humana.","Acuerdo de trabajo: catch-all auditable, nunca silencioso",2026-08-13 16:24:06.522473+00
556,HERRAMIENTAS,,PRODUCTIVIDAD,"Regla 900 (.*): Regla por defecto: todo lo que no cae en un supuesto emergente se contabiliza como productividad, y se marca con incidencia PROGRAMA_CLASIFICADO_POR_DEFECTO para revisión humana.","Acuerdo de trabajo: catch-all auditable, nunca silencioso",2026-08-13 16:24:06.522473+00
557,CISTERNA 2500 LT,,PRODUCTIVIDAD,"Regla 900 (.*): Regla por defecto: todo lo que no cae en un supuesto emergente se contabiliza como productividad, y se marca con incidencia PROGRAMA_CLASIFICADO_POR_DEFECTO para revisión humana.","Acuerdo de trabajo: catch-all auditable, nunca silencioso",2026-08-13 16:24:06.522473+00
558,SRT: AMPLIACION DE LINEA DE CONDUCCION DE AGUA,,PRODUCTIVIDAD,"Regla 900 (.*): Regla por defecto: todo lo que no cae en un supuesto emergente se contabiliza como productividad, y se marca con incidencia PROGRAMA_CLASIFICADO_POR_DEFECTO para revisión humana.","Acuerdo de trabajo: catch-all auditable, nunca silencioso",2026-08-13 16:24:06.522473+00
559,CISTERNA 2500LT,,PRODUCTIVIDAD,"Regla 900 (.*): Regla por defecto: todo lo que no cae en un supuesto emergente se contabiliza como productividad, y se marca con incidencia PROGRAMA_CLASIFICADO_POR_DEFECTO para revisión humana.","Acuerdo de trabajo: catch-all auditable, nunca silencioso",2026-08-13 16:24:06.522473+00
560,EQUIPAMIENTO PARA PRODUCCIÓN PECUARIA,,PRODUCTIVIDAD,"Regla 900 (.*): Regla por defecto: todo lo que no cae en un supuesto emergente se contabiliza como productividad, y se marca con incidencia PROGRAMA_CLASIFICADO_POR_DEFECTO para revisión humana.","Acuerdo de trabajo: catch-all auditable, nunca silencioso",2026-08-13 16:24:06.522473+00
561,GENERADOR DE LUZ,,PRODUCTIVIDAD,"Regla 900 (.*): Regla por defecto: todo lo que no cae en un supuesto emergente se contabiliza como productividad, y se marca con incidencia PROGRAMA_CLASIFICADO_POR_DEFECTO para revisión humana.","Acuerdo de trabajo: catch-all auditable, nunca silencioso",2026-08-13 16:24:06.522473+00
562,CRÍAS DE PECES REPRODUCTORES,,PRODUCTIVIDAD,"Regla 900 (.*): Regla por defecto: todo lo que no cae en un supuesto emergente se contabiliza como productividad, y se marca con incidencia PROGRAMA_CLASIFICADO_POR_DEFECTO para revisión humana.","Acuerdo de trabajo: catch-all auditable, nunca silencioso",2026-08-13 16:24:06.522473+00
563,DESGRANADORA DE MAÍZ,,PRODUCTIVIDAD,"Regla 900 (.*): Regla por defecto: todo lo que no cae en un supuesto emergente se contabiliza como productividad, y se marca con incidencia PROGRAMA_CLASIFICADO_POR_DEFECTO para revisión humana.","Acuerdo de trabajo: catch-all auditable, nunca silencioso",2026-08-13 16:24:06.522473+00
564,CISTERNA 10 000 LTS CON BOMBA,,PRODUCTIVIDAD,"Regla 900 (.*): Regla por defecto: todo lo que no cae en un supuesto emergente se contabiliza como productividad, y se marca con incidencia PROGRAMA_CLASIFICADO_POR_DEFECTO para revisión humana.","Acuerdo de trabajo: catch-all auditable, nunca silencioso",2026-08-13 16:24:06.522473+00
565,PROYECTO ESTRATEGICO (EQUIPO PARA VALOR AGREGADO),,PRODUCTIVIDAD,"Regla 900 (.*): Regla por defecto: todo lo que no cae en un supuesto emergente se contabiliza como productividad, y se marca con incidencia PROGRAMA_CLASIFICADO_POR_DEFECTO para revisión humana.","Acuerdo de trabajo: catch-all auditable, nunca silencioso",2026-08-13 16:24:06.522473+00
566,BATIDORA,,PRODUCTIVIDAD,"Regla 900 (.*): Regla por defecto: todo lo que no cae en un supuesto emergente se contabiliza como productividad, y se marca con incidencia PROGRAMA_CLASIFICADO_POR_DEFECTO para revisión humana.","Acuerdo de trabajo: catch-all auditable, nunca silencioso",2026-08-13 16:24:06.522473+00
567,"PROYECTO ESTRATÉGICO (VALOR AGREGADO, HORNO DE CONVECCION)",,PRODUCTIVIDAD,"Regla 900 (.*): Regla por defecto: todo lo que no cae en un supuesto emergente se contabiliza como productividad, y se marca con incidencia PROGRAMA_CLASIFICADO_POR_DEFECTO para revisión humana.","Acuerdo de trabajo: catch-all auditable, nunca silencioso",2026-08-13 16:24:06.522473+00
568,REHABILITACIÓN DE OLLA DE AGUA CON GEOMEMBRANA,,PRODUCTIVIDAD,"Regla 900 (.*): Regla por defecto: todo lo que no cae en un supuesto emergente se contabiliza como productividad, y se marca con incidencia PROGRAMA_CLASIFICADO_POR_DEFECTO para revisión humana.","Acuerdo de trabajo: catch-all auditable, nunca silencioso",2026-08-13 16:24:06.522473+00
569,PROYECTO ESTRATÉGICO (PODADORA DE ALTURA),,PRODUCTIVIDAD,"Regla 900 (.*): Regla por defecto: todo lo que no cae en un supuesto emergente se contabiliza como productividad, y se marca con incidencia PROGRAMA_CLASIFICADO_POR_DEFECTO para revisión humana.","Acuerdo de trabajo: catch-all auditable, nunca silencioso",2026-08-13 16:24:06.522473+00
570,"TINACO PARA USO AGROPECUARIO (5,000 LTS)",,PRODUCTIVIDAD,"Regla 900 (.*): Regla por defecto: todo lo que no cae en un supuesto emergente se contabiliza como productividad, y se marca con incidencia PROGRAMA_CLASIFICADO_POR_DEFECTO para revisión humana.","Acuerdo de trabajo: catch-all auditable, nunca silencioso",2026-08-13 16:24:06.522473+00
571,"TINACO PARA USO AGROPECUARIO (10,000 LTS)",,PRODUCTIVIDAD,"Regla 900 (.*): Regla por defecto: todo lo que no cae en un supuesto emergente se contabiliza como productividad, y se marca con incidencia PROGRAMA_CLASIFICADO_POR_DEFECTO para revisión humana.","Acuerdo de trabajo: catch-all auditable, nunca silencioso",2026-08-13 16:24:06.522473+00
572,"TINACO 10,000 LTS",,PRODUCTIVIDAD,"Regla 900 (.*): Regla por defecto: todo lo que no cae en un supuesto emergente se contabiliza como productividad, y se marca con incidencia PROGRAMA_CLASIFICADO_POR_DEFECTO para revisión humana.","Acuerdo de trabajo: catch-all auditable, nunca silencioso",2026-08-13 16:24:06.522473+00
573,GEOMEMBRANA CON ESTRUCTURA (45 000 LTS),,PRODUCTIVIDAD,"Regla 900 (.*): Regla por defecto: todo lo que no cae en un supuesto emergente se contabiliza como productividad, y se marca con incidencia PROGRAMA_CLASIFICADO_POR_DEFECTO para revisión humana.","Acuerdo de trabajo: catch-all auditable, nunca silencioso",2026-08-13 16:24:06.522473+00
574,MATERIAL VEGETATIVO(VARIOS),,PRODUCTIVIDAD,"Regla 900 (.*): Regla por defecto: todo lo que no cae en un supuesto emergente se contabiliza como productividad, y se marca con incidencia PROGRAMA_CLASIFICADO_POR_DEFECTO para revisión humana.","Acuerdo de trabajo: catch-all auditable, nunca silencioso",2026-08-13 16:24:06.522473+00
575,PROYECTO ESTRATÉGICO (MAQUINA TORTILLADORA MANUAL),,PRODUCTIVIDAD,"Regla 900 (.*): Regla por defecto: todo lo que no cae en un supuesto emergente se contabiliza como productividad, y se marca con incidencia PROGRAMA_CLASIFICADO_POR_DEFECTO para revisión humana.","Acuerdo de trabajo: catch-all auditable, nunca silencioso",2026-08-13 16:24:06.522473+00
576,PROYECTO ESTRATEGICO ( MAQUINA TORTILLADORA),,PRODUCTIVIDAD,"Regla 900 (.*): Regla por defecto: todo lo que no cae en un supuesto emergente se contabiliza como productividad, y se marca con incidencia PROGRAMA_CLASIFICADO_POR_DEFECTO para revisión humana.","Acuerdo de trabajo: catch-all auditable, nunca silencioso",2026-08-13 16:24:06.522473+00
577,"MATERIAL VEGETATIVO (LIMON, MANZANA, DURAZNO, AGUACATE)",,PRODUCTIVIDAD,"Regla 900 (.*): Regla por defecto: todo lo que no cae en un supuesto emergente se contabiliza como productividad, y se marca con incidencia PROGRAMA_CLASIFICADO_POR_DEFECTO para revisión humana.","Acuerdo de trabajo: catch-all auditable, nunca silencioso",2026-08-13 16:24:06.522473+00
578,PROYECTO ESTRATÉGICO ( MAQUINA TORTILLADORA MANUAL),,PRODUCTIVIDAD,"Regla 900 (.*): Regla por defecto: todo lo que no cae en un supuesto emergente se contabiliza como productividad, y se marca con incidencia PROGRAMA_CLASIFICADO_POR_DEFECTO para revisión humana.","Acuerdo de trabajo: catch-all auditable, nunca silencioso",2026-08-13 16:24:06.522473+00
579,GEOMEMBRANA CON ESTRUCTURA (25 000 LTS),,PRODUCTIVIDAD,"Regla 900 (.*): Regla por defecto: todo lo que no cae en un supuesto emergente se contabiliza como productividad, y se marca con incidencia PROGRAMA_CLASIFICADO_POR_DEFECTO para revisión humana.","Acuerdo de trabajo: catch-all auditable, nunca silencioso",2026-08-13 16:24:06.522473+00
580,"MATERIAL VEGETATIVO ( AGUACATE,LIMON,MANZANA, DURAZNO)",,PRODUCTIVIDAD,"Regla 900 (.*): Regla por defecto: todo lo que no cae en un supuesto emergente se contabiliza como productividad, y se marca con incidencia PROGRAMA_CLASIFICADO_POR_DEFECTO para revisión humana.","Acuerdo de trabajo: catch-all auditable, nunca silencioso",2026-08-13 16:24:06.522473+00
581,APOYO PARA PROTECCIÓN DE HUERTO,,PRODUCTIVIDAD,"Regla 900 (.*): Regla por defecto: todo lo que no cae en un supuesto emergente se contabiliza como productividad, y se marca con incidencia PROGRAMA_CLASIFICADO_POR_DEFECTO para revisión humana.","Acuerdo de trabajo: catch-all auditable, nunca silencioso",2026-08-13 16:24:06.522473+00
582,SISTEMA ATRAPANIEBLAS,,PRODUCTIVIDAD,"Regla 900 (.*): Regla por defecto: todo lo que no cae en un supuesto emergente se contabiliza como productividad, y se marca con incidencia PROGRAMA_CLASIFICADO_POR_DEFECTO para revisión humana.","Acuerdo de trabajo: catch-all auditable, nunca silencioso",2026-08-13 16:24:06.522473+00
583,"MATERIAL VEGETATIVO (MANZANA, LIMON, PERA)",,PRODUCTIVIDAD,"Regla 900 (.*): Regla por defecto: todo lo que no cae en un supuesto emergente se contabiliza como productividad, y se marca con incidencia PROGRAMA_CLASIFICADO_POR_DEFECTO para revisión humana.","Acuerdo de trabajo: catch-all auditable, nunca silencioso",2026-08-13 16:24:06.522473+00
584,"MATERIAL VEGETATIVO ( AGUACATE, NARANJA, LIMON, PERA)",,PRODUCTIVIDAD,"Regla 900 (.*): Regla por defecto: todo lo que no cae en un supuesto emergente se contabiliza como productividad, y se marca con incidencia PROGRAMA_CLASIFICADO_POR_DEFECTO para revisión humana.","Acuerdo de trabajo: catch-all auditable, nunca silencioso",2026-08-13 16:24:06.522473+00
585,MATERIAL VEGETATIVO ( MANZANA),,PRODUCTIVIDAD,"Regla 900 (.*): Regla por defecto: todo lo que no cae en un supuesto emergente se contabiliza como productividad, y se marca con incidencia PROGRAMA_CLASIFICADO_POR_DEFECTO para revisión humana.","Acuerdo de trabajo: catch-all auditable, nunca silencioso",2026-08-13 16:24:06.522473+00
586,FERTILIZANTE QUIMICO ( UREA),,PRODUCTIVIDAD,"Regla 900 (.*): Regla por defecto: todo lo que no cae en un supuesto emergente se contabiliza como productividad, y se marca con incidencia PROGRAMA_CLASIFICADO_POR_DEFECTO para revisión humana.","Acuerdo de trabajo: catch-all auditable, nunca silencioso",2026-08-13 16:24:06.522473+00
587,MATERIAL VEGETATIVO(AGUACATE),,PRODUCTIVIDAD,"Regla 900 (.*): Regla por defecto: todo lo que no cae en un supuesto emergente se contabiliza como productividad, y se marca con incidencia PROGRAMA_CLASIFICADO_POR_DEFECTO para revisión humana.","Acuerdo de trabajo: catch-all auditable, nunca silencioso",2026-08-13 16:24:06.522473+00
588,INVERNADERO,,PRODUCTIVIDAD,"Regla 900 (.*): Regla por defecto: todo lo que no cae en un supuesto emergente se contabiliza como productividad, y se marca con incidencia PROGRAMA_CLASIFICADO_POR_DEFECTO para revisión humana.","Acuerdo de trabajo: catch-all auditable, nunca silencioso",2026-08-13 16:24:06.522473+00
589,PROYECTO ESTRATÉGICO ( CORRAL DE MNEJO PARA BOVINOS),,PRODUCTIVIDAD,"Regla 900 (.*): Regla por defecto: todo lo que no cae en un supuesto emergente se contabiliza como productividad, y se marca con incidencia PROGRAMA_CLASIFICADO_POR_DEFECTO para revisión humana.","Acuerdo de trabajo: catch-all auditable, nunca silencioso",2026-08-13 16:24:06.522473+00
590,MATERIAL VEGETATIVO(MANZANAS),,PRODUCTIVIDAD,"Regla 900 (.*): Regla por defecto: todo lo que no cae en un supuesto emergente se contabiliza como productividad, y se marca con incidencia PROGRAMA_CLASIFICADO_POR_DEFECTO para revisión humana.","Acuerdo de trabajo: catch-all auditable, nunca silencioso",2026-08-13 16:24:06.522473+00
591,GEOMEMBRANA CON ESTRUCTURA (50 000 LTS),,PRODUCTIVIDAD,"Regla 900 (.*): Regla por defecto: todo lo que no cae en un supuesto emergente se contabiliza como productividad, y se marca con incidencia PROGRAMA_CLASIFICADO_POR_DEFECTO para revisión humana.","Acuerdo de trabajo: catch-all auditable, nunca silencioso",2026-08-13 16:24:06.522473+00
592,PROYECTO ESTRATÉGICO ( CONSTRUCCION DE TEJABAN PARA FORRAJE),,PRODUCTIVIDAD,"Regla 900 (.*): Regla por defecto: todo lo que no cae en un supuesto emergente se contabiliza como productividad, y se marca con incidencia PROGRAMA_CLASIFICADO_POR_DEFECTO para revisión humana.","Acuerdo de trabajo: catch-all auditable, nunca silencioso",2026-08-13 16:24:06.522473+00
593,PROYECTO ESTRATÉGICO ( BODEGA DE FORRAJE),,PRODUCTIVIDAD,"Regla 900 (.*): Regla por defecto: todo lo que no cae en un supuesto emergente se contabiliza como productividad, y se marca con incidencia PROGRAMA_CLASIFICADO_POR_DEFECTO para revisión humana.","Acuerdo de trabajo: catch-all auditable, nunca silencioso",2026-08-13 16:24:06.522473+00
594,SALA DE MATERNIDAD PECUARIA,,PRODUCTIVIDAD,"Regla 900 (.*): Regla por defecto: todo lo que no cae en un supuesto emergente se contabiliza como productividad, y se marca con incidencia PROGRAMA_CLASIFICADO_POR_DEFECTO para revisión humana.","Acuerdo de trabajo: catch-all auditable, nunca silencioso",2026-08-13 16:24:06.522473+00
595,CARGADOR FRONTAL ( BISON),,PRODUCTIVIDAD,"Regla 900 (.*): Regla por defecto: todo lo que no cae en un supuesto emergente se contabiliza como productividad, y se marca con incidencia PROGRAMA_CLASIFICADO_POR_DEFECTO para revisión humana.","Acuerdo de trabajo: catch-all auditable, nunca silencioso",2026-08-13 16:24:06.522473+00
596,PROYECTO ESTRATEGICO ( SOPLADORA),,PRODUCTIVIDAD,"Regla 900 (.*): Regla por defecto: todo lo que no cae en un supuesto emergente se contabiliza como productividad, y se marca con incidencia PROGRAMA_CLASIFICADO_POR_DEFECTO para revisión humana.","Acuerdo de trabajo: catch-all auditable, nunca silencioso",2026-08-13 16:24:06.522473+00
597,PROYECTO ESTRETÉGICO (NAVE Y BODEGA PORCICOLA),,PRODUCTIVIDAD,"Regla 900 (.*): Regla por defecto: todo lo que no cae en un supuesto emergente se contabiliza como productividad, y se marca con incidencia PROGRAMA_CLASIFICADO_POR_DEFECTO para revisión humana.","Acuerdo de trabajo: catch-all auditable, nunca silencioso",2026-08-13 16:24:06.522473+00
598,EQUIPAMIENTO DE MACROTUNEL,,PRODUCTIVIDAD,"Regla 900 (.*): Regla por defecto: todo lo que no cae en un supuesto emergente se contabiliza como productividad, y se marca con incidencia PROGRAMA_CLASIFICADO_POR_DEFECTO para revisión humana.","Acuerdo de trabajo: catch-all auditable, nunca silencioso",2026-08-13 16:24:06.522473+00
599,EQUIPO PARA PRODUCCION Y TRANSFORMACION  DE MIEL,,PRODUCTIVIDAD,"Regla 900 (.*): Regla por defecto: todo lo que no cae en un supuesto emergente se contabiliza como productividad, y se marca con incidencia PROGRAMA_CLASIFICADO_POR_DEFECTO para revisión humana.","Acuerdo de trabajo: catch-all auditable, nunca silencioso",2026-08-13 16:24:06.522473+00
600,PROYECTO ESTRATEGICO ( AGROTURISTICO),,PRODUCTIVIDAD,"Regla 900 (.*): Regla por defecto: todo lo que no cae en un supuesto emergente se contabiliza como productividad, y se marca con incidencia PROGRAMA_CLASIFICADO_POR_DEFECTO para revisión humana.","Acuerdo de trabajo: catch-all auditable, nunca silencioso",2026-08-13 16:24:06.522473+00
601,TINACO PARA USO AGROPECUARIO (1100 LTS),,PRODUCTIVIDAD,"Regla 900 (.*): Regla por defecto: todo lo que no cae en un supuesto emergente se contabiliza como productividad, y se marca con incidencia PROGRAMA_CLASIFICADO_POR_DEFECTO para revisión humana.","Acuerdo de trabajo: catch-all auditable, nunca silencioso",2026-08-13 16:24:06.522473+00
602,PROYECTO ESTRATÉGICO (EXTRACTOR),,PRODUCTIVIDAD,"Regla 900 (.*): Regla por defecto: todo lo que no cae en un supuesto emergente se contabiliza como productividad, y se marca con incidencia PROGRAMA_CLASIFICADO_POR_DEFECTO para revisión humana.","Acuerdo de trabajo: catch-all auditable, nunca silencioso",2026-08-13 16:24:06.522473+00
603,PROYECTO ESTRATÉGICO (EQUIPAMIENTO PARA LICOR),,PRODUCTIVIDAD,"Regla 900 (.*): Regla por defecto: todo lo que no cae en un supuesto emergente se contabiliza como productividad, y se marca con incidencia PROGRAMA_CLASIFICADO_POR_DEFECTO para revisión humana.","Acuerdo de trabajo: catch-all auditable, nunca silencioso",2026-08-13 16:24:06.522473+00
604,PROYECTO ESTRATÉGICO (TANQUE PIPA),,PRODUCTIVIDAD,"Regla 900 (.*): Regla por defecto: todo lo que no cae en un supuesto emergente se contabiliza como productividad, y se marca con incidencia PROGRAMA_CLASIFICADO_POR_DEFECTO para revisión humana.","Acuerdo de trabajo: catch-all auditable, nunca silencioso",2026-08-13 16:24:06.522473+00
605,"TINACO 2,500 LTS",,PRODUCTIVIDAD,"Regla 900 (.*): Regla por defecto: todo lo que no cae en un supuesto emergente se contabiliza como productividad, y se marca con incidencia PROGRAMA_CLASIFICADO_POR_DEFECTO para revisión humana.","Acuerdo de trabajo: catch-all auditable, nunca silencioso",2026-08-13 16:24:06.522473+00
606,PROYECTO ESTRATÉGICO ( TECHUMBRE),,PRODUCTIVIDAD,"Regla 900 (.*): Regla por defecto: todo lo que no cae en un supuesto emergente se contabiliza como productividad, y se marca con incidencia PROGRAMA_CLASIFICADO_POR_DEFECTO para revisión humana.","Acuerdo de trabajo: catch-all auditable, nunca silencioso",2026-08-13 16:24:06.522473+00
607,REHABILITACION MACROTUNEL,,PRODUCTIVIDAD,"Regla 900 (.*): Regla por defecto: todo lo que no cae en un supuesto emergente se contabiliza como productividad, y se marca con incidencia PROGRAMA_CLASIFICADO_POR_DEFECTO para revisión humana.","Acuerdo de trabajo: catch-all auditable, nunca silencioso",2026-08-13 16:24:06.522473+00
608,PROYECTO ESTRATÉGICO ( CORRAL DE MANEJO),,PRODUCTIVIDAD,"Regla 900 (.*): Regla por defecto: todo lo que no cae en un supuesto emergente se contabiliza como productividad, y se marca con incidencia PROGRAMA_CLASIFICADO_POR_DEFECTO para revisión humana.","Acuerdo de trabajo: catch-all auditable, nunca silencioso",2026-08-13 16:24:06.522473+00
609,KIT DE HERRAMIENTA,,PRODUCTIVIDAD,"Regla 900 (.*): Regla por defecto: todo lo que no cae en un supuesto emergente se contabiliza como productividad, y se marca con incidencia PROGRAMA_CLASIFICADO_POR_DEFECTO para revisión humana.","Acuerdo de trabajo: catch-all auditable, nunca silencioso",2026-08-13 16:24:06.522473+00
610,PACAS DE FORRAJE,,PRODUCTIVIDAD,"Regla 900 (.*): Regla por defecto: todo lo que no cae en un supuesto emergente se contabiliza como productividad, y se marca con incidencia PROGRAMA_CLASIFICADO_POR_DEFECTO para revisión humana.","Acuerdo de trabajo: catch-all auditable, nunca silencioso",2026-08-13 16:24:06.522473+00
611,CONSTRUCCIÓN Y/O REHABILITACIÓN DE MACRO Y MICRO TUNELES,,PRODUCTIVIDAD,"Regla 900 (.*): Regla por defecto: todo lo que no cae en un supuesto emergente se contabiliza como productividad, y se marca con incidencia PROGRAMA_CLASIFICADO_POR_DEFECTO para revisión humana.","Acuerdo de trabajo: catch-all auditable, nunca silencioso",2026-08-13 16:24:06.522473+00
612,ESTUFA ECOLOGIA Y MOLINO DE NIXTAMAL,,PRODUCTIVIDAD,"Regla 900 (.*): Regla por defecto: todo lo que no cae en un supuesto emergente se contabiliza como productividad, y se marca con incidencia PROGRAMA_CLASIFICADO_POR_DEFECTO para revisión humana.","Acuerdo de trabajo: catch-all auditable, nunca silencioso",2026-08-13 16:24:06.522473+00
613,"MOLINO DE NIXTAMAL ARENAS 1HP, CARRETILLA, DESBROZADORA",,PRODUCTIVIDAD,"Regla 900 (.*): Regla por defecto: todo lo que no cae en un supuesto emergente se contabiliza como productividad, y se marca con incidencia PROGRAMA_CLASIFICADO_POR_DEFECTO para revisión humana.","Acuerdo de trabajo: catch-all auditable, nunca silencioso",2026-08-13 16:24:06.522473+00
614,SRT: ELABORACIÓN DE PROYECTO EJECUTIVO,,PRODUCTIVIDAD,"Regla 900 (.*): Regla por defecto: todo lo que no cae en un supuesto emergente se contabiliza como productividad, y se marca con incidencia PROGRAMA_CLASIFICADO_POR_DEFECTO para revisión humana.","Acuerdo de trabajo: catch-all auditable, nunca silencioso",2026-08-13 16:24:06.522473+00
615,"TINACO PARA USO AGROPECUARIO, DESBROZADORA",,PRODUCTIVIDAD,"Regla 900 (.*): Regla por defecto: todo lo que no cae en un supuesto emergente se contabiliza como productividad, y se marca con incidencia PROGRAMA_CLASIFICADO_POR_DEFECTO para revisión humana.","Acuerdo de trabajo: catch-all auditable, nunca silencioso",2026-08-13 16:24:06.522473+00
616,"MOLINO DE NIXTAMAL, ESTUFA ECOLOGICA Y CARRETILLA",,PRODUCTIVIDAD,"Regla 900 (.*): Regla por defecto: todo lo que no cae en un supuesto emergente se contabiliza como productividad, y se marca con incidencia PROGRAMA_CLASIFICADO_POR_DEFECTO para revisión humana.","Acuerdo de trabajo: catch-all auditable, nunca silencioso",2026-08-13 16:24:06.522473+00
617,PAQUETE BIO-FABRICA DE FERTILIZANTE,,PRODUCTIVIDAD,"Regla 900 (.*): Regla por defecto: todo lo que no cae en un supuesto emergente se contabiliza como productividad, y se marca con incidencia PROGRAMA_CLASIFICADO_POR_DEFECTO para revisión humana.","Acuerdo de trabajo: catch-all auditable, nunca silencioso",2026-08-13 16:24:06.522473+00
618,"CARRETILLA, ESTUFA ECOLOGICA, PAQUETE DE HERRAMIENTAS, MOCHILA ASPERSORA, DESBROZADORA",,PRODUCTIVIDAD,"Regla 900 (.*): Regla por defecto: todo lo que no cae en un supuesto emergente se contabiliza como productividad, y se marca con incidencia PROGRAMA_CLASIFICADO_POR_DEFECTO para revisión humana.","Acuerdo de trabajo: catch-all auditable, nunca silencioso",2026-08-13 16:24:06.522473+00
619,ESTUFA ECOLOGICA Y CARRETILLA,,PRODUCTIVIDAD,"Regla 900 (.*): Regla por defecto: todo lo que no cae en un supuesto emergente se contabiliza como productividad, y se marca con incidencia PROGRAMA_CLASIFICADO_POR_DEFECTO para revisión humana.","Acuerdo de trabajo: catch-all auditable, nunca silencioso",2026-08-13 16:24:06.522473+00
620,MODULO PARA PRODUCCIÓN DE FORRAJE VERDE HIDROPONICO,,PRODUCTIVIDAD,"Regla 900 (.*): Regla por defecto: todo lo que no cae en un supuesto emergente se contabiliza como productividad, y se marca con incidencia PROGRAMA_CLASIFICADO_POR_DEFECTO para revisión humana.","Acuerdo de trabajo: catch-all auditable, nunca silencioso",2026-08-13 16:24:06.522473+00
621,PROYECTO INTEGRAL Y/O ESTRATEGICO (TRANSFORMACION DE LECHE),,PRODUCTIVIDAD,"Regla 900 (.*): Regla por defecto: todo lo que no cae en un supuesto emergente se contabiliza como productividad, y se marca con incidencia PROGRAMA_CLASIFICADO_POR_DEFECTO para revisión humana.","Acuerdo de trabajo: catch-all auditable, nunca silencioso",2026-08-13 16:24:06.522473+00
622,MOLINO DE NIXTAMAL Y DESBROZADORA,,PRODUCTIVIDAD,"Regla 900 (.*): Regla por defecto: todo lo que no cae en un supuesto emergente se contabiliza como productividad, y se marca con incidencia PROGRAMA_CLASIFICADO_POR_DEFECTO para revisión humana.","Acuerdo de trabajo: catch-all auditable, nunca silencioso",2026-08-13 16:24:06.522473+00
623,"PARIHUELA,DESBROZADORA, MOCHILA ASPERSORA, MOTOBOMBA Y ASPERSORA",,PRODUCTIVIDAD,"Regla 900 (.*): Regla por defecto: todo lo que no cae en un supuesto emergente se contabiliza como productividad, y se marca con incidencia PROGRAMA_CLASIFICADO_POR_DEFECTO para revisión humana.","Acuerdo de trabajo: catch-all auditable, nunca silencioso",2026-08-13 16:24:06.522473+00
624,"MOLINO DE NIXTAMAL, ESTUFA ECOLOGICA",,PRODUCTIVIDAD,"Regla 900 (.*): Regla por defecto: todo lo que no cae en un supuesto emergente se contabiliza como productividad, y se marca con incidencia PROGRAMA_CLASIFICADO_POR_DEFECTO para revisión humana.","Acuerdo de trabajo: catch-all auditable, nunca silencioso",2026-08-13 16:24:06.522473+00
625,"DESBROZADORA, ESTUFA ECOLOGICA",,PRODUCTIVIDAD,"Regla 900 (.*): Regla por defecto: todo lo que no cae en un supuesto emergente se contabiliza como productividad, y se marca con incidencia PROGRAMA_CLASIFICADO_POR_DEFECTO para revisión humana.","Acuerdo de trabajo: catch-all auditable, nunca silencioso",2026-08-13 16:24:06.522473+00
626,MOCHILA ASPERSORA Y DESBROZADORA,,PRODUCTIVIDAD,"Regla 900 (.*): Regla por defecto: todo lo que no cae en un supuesto emergente se contabiliza como productividad, y se marca con incidencia PROGRAMA_CLASIFICADO_POR_DEFECTO para revisión humana.","Acuerdo de trabajo: catch-all auditable, nunca silencioso",2026-08-13 16:24:06.522473+00
627,PROYECTO ESTRATEGICO (EQUIPO DE LLENADO DE BOTELLAS),,PRODUCTIVIDAD,"Regla 900 (.*): Regla por defecto: todo lo que no cae en un supuesto emergente se contabiliza como productividad, y se marca con incidencia PROGRAMA_CLASIFICADO_POR_DEFECTO para revisión humana.","Acuerdo de trabajo: catch-all auditable, nunca silencioso",2026-08-13 16:24:06.522473+00
628,"CARRETILLA, TINACO PARA USO AGROPECUARIO Y ESTUFA ECOLOGICA",,PRODUCTIVIDAD,"Regla 900 (.*): Regla por defecto: todo lo que no cae en un supuesto emergente se contabiliza como productividad, y se marca con incidencia PROGRAMA_CLASIFICADO_POR_DEFECTO para revisión humana.","Acuerdo de trabajo: catch-all auditable, nunca silencioso",2026-08-13 16:24:06.522473+00
629,"DESBROZADORA, CARRETILLA Y ESTUFA ECOLOGICA",,PRODUCTIVIDAD,"Regla 900 (.*): Regla por defecto: todo lo que no cae en un supuesto emergente se contabiliza como productividad, y se marca con incidencia PROGRAMA_CLASIFICADO_POR_DEFECTO para revisión humana.","Acuerdo de trabajo: catch-all auditable, nunca silencioso",2026-08-13 16:24:06.522473+00
630,"DESBROZADORA, ESTUFA ECOLOGICA, MOLINO DE NIXTAMAL",,PRODUCTIVIDAD,"Regla 900 (.*): Regla por defecto: todo lo que no cae en un supuesto emergente se contabiliza como productividad, y se marca con incidencia PROGRAMA_CLASIFICADO_POR_DEFECTO para revisión humana.","Acuerdo de trabajo: catch-all auditable, nunca silencioso",2026-08-13 16:24:06.522473+00
631,ESTUFA ECOLOGICA Y MOLINO DE NIXTAMAL,,PRODUCTIVIDAD,"Regla 900 (.*): Regla por defecto: todo lo que no cae en un supuesto emergente se contabiliza como productividad, y se marca con incidencia PROGRAMA_CLASIFICADO_POR_DEFECTO para revisión humana.","Acuerdo de trabajo: catch-all auditable, nunca silencioso",2026-08-13 16:24:06.522473+00
632,DESBROZADORA Y MOCHILA ASPERSORA,,PRODUCTIVIDAD,"Regla 900 (.*): Regla por defecto: todo lo que no cae en un supuesto emergente se contabiliza como productividad, y se marca con incidencia PROGRAMA_CLASIFICADO_POR_DEFECTO para revisión humana.","Acuerdo de trabajo: catch-all auditable, nunca silencioso",2026-08-13 16:24:06.522473+00
633,DESBROZADORA/MOLINO NIXTAMAL,,PRODUCTIVIDAD,"Regla 900 (.*): Regla por defecto: todo lo que no cae en un supuesto emergente se contabiliza como productividad, y se marca con incidencia PROGRAMA_CLASIFICADO_POR_DEFECTO para revisión humana.","Acuerdo de trabajo: catch-all auditable, nunca silencioso",2026-08-13 16:24:06.522473+00
634,"MOCHILA ASPERSORA, DESBROZADORA",,PRODUCTIVIDAD,"Regla 900 (.*): Regla por defecto: todo lo que no cae en un supuesto emergente se contabiliza como productividad, y se marca con incidencia PROGRAMA_CLASIFICADO_POR_DEFECTO para revisión humana.","Acuerdo de trabajo: catch-all auditable, nunca silencioso",2026-08-13 16:24:06.522473+00
635,"EQUIPO BIOFABRICA DE FERTILIZANTE, DESBROZADORA",,PRODUCTIVIDAD,"Regla 900 (.*): Regla por defecto: todo lo que no cae en un supuesto emergente se contabiliza como productividad, y se marca con incidencia PROGRAMA_CLASIFICADO_POR_DEFECTO para revisión humana.","Acuerdo de trabajo: catch-all auditable, nunca silencioso",2026-08-13 16:24:06.522473+00
636,"MOCHILA ASPERSORA, ESTUFA ECOLÓGICA Y CARRETILLA",,PRODUCTIVIDAD,"Regla 900 (.*): Regla por defecto: todo lo que no cae en un supuesto emergente se contabiliza como productividad, y se marca con incidencia PROGRAMA_CLASIFICADO_POR_DEFECTO para revisión humana.","Acuerdo de trabajo: catch-all auditable, nunca silencioso",2026-08-13 16:24:06.522473+00
637,"MOLINO DE NIXTAMAL, CARRETILLA",,PRODUCTIVIDAD,"Regla 900 (.*): Regla por defecto: todo lo que no cae en un supuesto emergente se contabiliza como productividad, y se marca con incidencia PROGRAMA_CLASIFICADO_POR_DEFECTO para revisión humana.","Acuerdo de trabajo: catch-all auditable, nunca silencioso",2026-08-13 16:24:06.522473+00
638,"VIENTRES OVINO GESTANTE CON REGISTRO GENEALOGICO, SEMENTAL OVINO CON REGISTRO GENEALOGICO",,PRODUCTIVIDAD,"Regla 900 (.*): Regla por defecto: todo lo que no cae en un supuesto emergente se contabiliza como productividad, y se marca con incidencia PROGRAMA_CLASIFICADO_POR_DEFECTO para revisión humana.","Acuerdo de trabajo: catch-all auditable, nunca silencioso",2026-08-13 16:24:06.522473+00
639,"MOTOBOMBA, CARRETILLA Y ESTUFA ECOLOGICA",,PRODUCTIVIDAD,"Regla 900 (.*): Regla por defecto: todo lo que no cae en un supuesto emergente se contabiliza como productividad, y se marca con incidencia PROGRAMA_CLASIFICADO_POR_DEFECTO para revisión humana.","Acuerdo de trabajo: catch-all auditable, nunca silencioso",2026-08-13 16:24:06.522473+00
640,REHABILITACION O DEZASOLVE DE BORDOS,,PRODUCTIVIDAD,"Regla 900 (.*): Regla por defecto: todo lo que no cae en un supuesto emergente se contabiliza como productividad, y se marca con incidencia PROGRAMA_CLASIFICADO_POR_DEFECTO para revisión humana.","Acuerdo de trabajo: catch-all auditable, nunca silencioso",2026-08-13 16:24:06.522473+00
641,"MOLINO DE NIXTAMAL, MOCHILA ASPERSORA, ESTUFA ECOLOGICA",,PRODUCTIVIDAD,"Regla 900 (.*): Regla por defecto: todo lo que no cae en un supuesto emergente se contabiliza como productividad, y se marca con incidencia PROGRAMA_CLASIFICADO_POR_DEFECTO para revisión humana.","Acuerdo de trabajo: catch-all auditable, nunca silencioso",2026-08-13 16:24:06.522473+00
642,"ESTUFA ECOLOGICA, TINACO USO AGROPECUARIO",,PRODUCTIVIDAD,"Regla 900 (.*): Regla por defecto: todo lo que no cae en un supuesto emergente se contabiliza como productividad, y se marca con incidencia PROGRAMA_CLASIFICADO_POR_DEFECTO para revisión humana.","Acuerdo de trabajo: catch-all auditable, nunca silencioso",2026-08-13 16:24:06.522473+00
643,DRONES PARA USO AGRICOLA,,PRODUCTIVIDAD,"Regla 900 (.*): Regla por defecto: todo lo que no cae en un supuesto emergente se contabiliza como productividad, y se marca con incidencia PROGRAMA_CLASIFICADO_POR_DEFECTO para revisión humana.","Acuerdo de trabajo: catch-all auditable, nunca silencioso",2026-08-13 16:24:06.522473+00
644,CISTERNA,,PRODUCTIVIDAD,"Regla 900 (.*): Regla por defecto: todo lo que no cae en un supuesto emergente se contabiliza como productividad, y se marca con incidencia PROGRAMA_CLASIFICADO_POR_DEFECTO para revisión humana.","Acuerdo de trabajo: catch-all auditable, nunca silencioso",2026-08-13 16:24:06.522473+00
645,SEMENTAL BOVINO CON REGISTRO GENEALOGICO,,PRODUCTIVIDAD,"Regla 900 (.*): Regla por defecto: todo lo que no cae en un supuesto emergente se contabiliza como productividad, y se marca con incidencia PROGRAMA_CLASIFICADO_POR_DEFECTO para revisión humana.","Acuerdo de trabajo: catch-all auditable, nunca silencioso",2026-08-13 16:24:06.522473+00
646,TINACO PARA USO AGROPECUARIO Y MOCHILA ASPERSORA,,PRODUCTIVIDAD,"Regla 900 (.*): Regla por defecto: todo lo que no cae en un supuesto emergente se contabiliza como productividad, y se marca con incidencia PROGRAMA_CLASIFICADO_POR_DEFECTO para revisión humana.","Acuerdo de trabajo: catch-all auditable, nunca silencioso",2026-08-13 16:24:06.522473+00
647,REHABILITACIÓN DE MACROTUNEL (PLASTICOS),,PRODUCTIVIDAD,"Regla 900 (.*): Regla por defecto: todo lo que no cae en un supuesto emergente se contabiliza como productividad, y se marca con incidencia PROGRAMA_CLASIFICADO_POR_DEFECTO para revisión humana.","Acuerdo de trabajo: catch-all auditable, nunca silencioso",2026-08-13 16:24:06.522473+00
648,"PARIHUELA, MOCHILA ASPERSORA",,PRODUCTIVIDAD,"Regla 900 (.*): Regla por defecto: todo lo que no cae en un supuesto emergente se contabiliza como productividad, y se marca con incidencia PROGRAMA_CLASIFICADO_POR_DEFECTO para revisión humana.","Acuerdo de trabajo: catch-all auditable, nunca silencioso",2026-08-13 16:24:06.522473+00
649,REHABILITACIÓN O DESAZOLVE DE BORDOS,,PRODUCTIVIDAD,"Regla 900 (.*): Regla por defecto: todo lo que no cae en un supuesto emergente se contabiliza como productividad, y se marca con incidencia PROGRAMA_CLASIFICADO_POR_DEFECTO para revisión humana.","Acuerdo de trabajo: catch-all auditable, nunca silencioso",2026-08-13 16:24:06.522473+00
650,"MOCHILA ASPERSORA, DESBROZADORA, MOTOBOMBA",,PRODUCTIVIDAD,"Regla 900 (.*): Regla por defecto: todo lo que no cae en un supuesto emergente se contabiliza como productividad, y se marca con incidencia PROGRAMA_CLASIFICADO_POR_DEFECTO para revisión humana.","Acuerdo de trabajo: catch-all auditable, nunca silencioso",2026-08-13 16:24:06.522473+00
651,MATERIAL VEGETATIVO (PLANTA DE NOPAL),,PRODUCTIVIDAD,"Regla 900 (.*): Regla por defecto: todo lo que no cae en un supuesto emergente se contabiliza como productividad, y se marca con incidencia PROGRAMA_CLASIFICADO_POR_DEFECTO para revisión humana.","Acuerdo de trabajo: catch-all auditable, nunca silencioso",2026-08-13 16:24:06.522473+00
652,"MOLINO DE NIXTAMAL, ESTUFA ECOLOGICA, DESGRANADORA",,PRODUCTIVIDAD,"Regla 900 (.*): Regla por defecto: todo lo que no cae en un supuesto emergente se contabiliza como productividad, y se marca con incidencia PROGRAMA_CLASIFICADO_POR_DEFECTO para revisión humana.","Acuerdo de trabajo: catch-all auditable, nunca silencioso",2026-08-13 16:24:06.522473+00
653,DESBROZADORA Y TINACO PARA USO AGROPECUARIO,,PRODUCTIVIDAD,"Regla 900 (.*): Regla por defecto: todo lo que no cae en un supuesto emergente se contabiliza como productividad, y se marca con incidencia PROGRAMA_CLASIFICADO_POR_DEFECTO para revisión humana.","Acuerdo de trabajo: catch-all auditable, nunca silencioso",2026-08-13 16:24:06.522473+00
654,"TINACO PARA USO AGROPECUARIO, ESTUFA ECOLOGICA",,PRODUCTIVIDAD,"Regla 900 (.*): Regla por defecto: todo lo que no cae en un supuesto emergente se contabiliza como productividad, y se marca con incidencia PROGRAMA_CLASIFICADO_POR_DEFECTO para revisión humana.","Acuerdo de trabajo: catch-all auditable, nunca silencioso",2026-08-13 16:24:06.522473+00
655,SEMENTAL CAPRINO CON REGISTRO GENEALOGICO Y VIENTRES CAPRINOS GESTANTES CON REGISTRO GENEALOGICO,,PRODUCTIVIDAD,"Regla 900 (.*): Regla por defecto: todo lo que no cae en un supuesto emergente se contabiliza como productividad, y se marca con incidencia PROGRAMA_CLASIFICADO_POR_DEFECTO para revisión humana.","Acuerdo de trabajo: catch-all auditable, nunca silencioso",2026-08-13 16:24:06.522473+00
656,DESAZOLVE DE PRESA CON MAQUINARIA,,PRODUCTIVIDAD,"Regla 900 (.*): Regla por defecto: todo lo que no cae en un supuesto emergente se contabiliza como productividad, y se marca con incidencia PROGRAMA_CLASIFICADO_POR_DEFECTO para revisión humana.","Acuerdo de trabajo: catch-all auditable, nunca silencioso",2026-08-13 16:24:06.522473+00
657,"PARIHUELA, MOTOBOMBA",,PRODUCTIVIDAD,"Regla 900 (.*): Regla por defecto: todo lo que no cae en un supuesto emergente se contabiliza como productividad, y se marca con incidencia PROGRAMA_CLASIFICADO_POR_DEFECTO para revisión humana.","Acuerdo de trabajo: catch-all auditable, nunca silencioso",2026-08-13 16:24:06.522473+00
658,REHABILITACIÓN DE MACROTUNEL,,PRODUCTIVIDAD,"Regla 900 (.*): Regla por defecto: todo lo que no cae en un supuesto emergente se contabiliza como productividad, y se marca con incidencia PROGRAMA_CLASIFICADO_POR_DEFECTO para revisión humana.","Acuerdo de trabajo: catch-all auditable, nunca silencioso",2026-08-13 16:24:06.522473+00
659,"DESBROZADORA, MOTOBOMBA, MOCHILA ASPERSORA",,PRODUCTIVIDAD,"Regla 900 (.*): Regla por defecto: todo lo que no cae en un supuesto emergente se contabiliza como productividad, y se marca con incidencia PROGRAMA_CLASIFICADO_POR_DEFECTO para revisión humana.","Acuerdo de trabajo: catch-all auditable, nunca silencioso",2026-08-13 16:24:06.522473+00
660,EQUIPO BIOFABRICA DE FERTILIZANTE,,PRODUCTIVIDAD,"Regla 900 (.*): Regla por defecto: todo lo que no cae en un supuesto emergente se contabiliza como productividad, y se marca con incidencia PROGRAMA_CLASIFICADO_POR_DEFECTO para revisión humana.","Acuerdo de trabajo: catch-all auditable, nunca silencioso",2026-08-13 16:24:06.522473+00
661,"TINACO PARA USO AGROPECUARIO, CARRETILLA Y MOCHILA ASPERSORA",,PRODUCTIVIDAD,"Regla 900 (.*): Regla por defecto: todo lo que no cae en un supuesto emergente se contabiliza como productividad, y se marca con incidencia PROGRAMA_CLASIFICADO_POR_DEFECTO para revisión humana.","Acuerdo de trabajo: catch-all auditable, nunca silencioso",2026-08-13 16:24:06.522473+00
662,SEMOVIENTE Y MATERIAL GENETICO,,PRODUCTIVIDAD,"Regla 900 (.*): Regla por defecto: todo lo que no cae en un supuesto emergente se contabiliza como productividad, y se marca con incidencia PROGRAMA_CLASIFICADO_POR_DEFECTO para revisión humana.","Acuerdo de trabajo: catch-all auditable, nunca silencioso",2026-08-13 16:24:06.522473+00
663,PROYECTO ESTRATEGICO (REHABILITACION DE POZO),,PRODUCTIVIDAD,"Regla 900 (.*): Regla por defecto: todo lo que no cae en un supuesto emergente se contabiliza como productividad, y se marca con incidencia PROGRAMA_CLASIFICADO_POR_DEFECTO para revisión humana.","Acuerdo de trabajo: catch-all auditable, nunca silencioso",2026-08-13 16:24:06.522473+00
664,EQUIPO TRANSFORMACIÓN Y PRODUCCIÓN DE MIEL,,PRODUCTIVIDAD,"Regla 900 (.*): Regla por defecto: todo lo que no cae en un supuesto emergente se contabiliza como productividad, y se marca con incidencia PROGRAMA_CLASIFICADO_POR_DEFECTO para revisión humana.","Acuerdo de trabajo: catch-all auditable, nunca silencioso",2026-08-13 16:24:06.522473+00
665,"CARRETILLA, MOCHILA ASPERSORA",,PRODUCTIVIDAD,"Regla 900 (.*): Regla por defecto: todo lo que no cae en un supuesto emergente se contabiliza como productividad, y se marca con incidencia PROGRAMA_CLASIFICADO_POR_DEFECTO para revisión humana.","Acuerdo de trabajo: catch-all auditable, nunca silencioso",2026-08-13 16:24:06.522473+00
666,DESALVE DE BORDO,,PRODUCTIVIDAD,"Regla 900 (.*): Regla por defecto: todo lo que no cae en un supuesto emergente se contabiliza como productividad, y se marca con incidencia PROGRAMA_CLASIFICADO_POR_DEFECTO para revisión humana.","Acuerdo de trabajo: catch-all auditable, nunca silencioso",2026-08-13 16:24:06.522473+00
667,MATERIAL VEGETATIVO (ROSAL),,PRODUCTIVIDAD,"Regla 900 (.*): Regla por defecto: todo lo que no cae en un supuesto emergente se contabiliza como productividad, y se marca con incidencia PROGRAMA_CLASIFICADO_POR_DEFECTO para revisión humana.","Acuerdo de trabajo: catch-all auditable, nunca silencioso",2026-08-13 16:24:06.522473+00
668,"SEMENTAL BOVINO CON REGISTRO GENEALOGICO Y EVALUACIÓN GENETICA BEEMASTER, CHAROLAIS, SIMMENTAL",,PRODUCTIVIDAD,"Regla 900 (.*): Regla por defecto: todo lo que no cae en un supuesto emergente se contabiliza como productividad, y se marca con incidencia PROGRAMA_CLASIFICADO_POR_DEFECTO para revisión humana.","Acuerdo de trabajo: catch-all auditable, nunca silencioso",2026-08-13 16:24:06.522473+00
669,MOLINO DE NIXTAMAL Y MOCHILA APERSORA,,PRODUCTIVIDAD,"Regla 900 (.*): Regla por defecto: todo lo que no cae en un supuesto emergente se contabiliza como productividad, y se marca con incidencia PROGRAMA_CLASIFICADO_POR_DEFECTO para revisión humana.","Acuerdo de trabajo: catch-all auditable, nunca silencioso",2026-08-13 16:24:06.522473+00
670,TECNIFICACIÓN INFRAESTRUCTURA HIDRIAGRÍCOLA,,PRODUCTIVIDAD,"Regla 900 (.*): Regla por defecto: todo lo que no cae en un supuesto emergente se contabiliza como productividad, y se marca con incidencia PROGRAMA_CLASIFICADO_POR_DEFECTO para revisión humana.","Acuerdo de trabajo: catch-all auditable, nunca silencioso",2026-08-13 16:24:06.522473+00
671,"TINACO PARA USO AGROPECUARIO, DESBROZADORA Y ESTUFA ECOLOGICA",,PRODUCTIVIDAD,"Regla 900 (.*): Regla por defecto: todo lo que no cae en un supuesto emergente se contabiliza como productividad, y se marca con incidencia PROGRAMA_CLASIFICADO_POR_DEFECTO para revisión humana.","Acuerdo de trabajo: catch-all auditable, nunca silencioso",2026-08-13 16:24:06.522473+00
672,"TINACO PARA USO AGROPECUARIO, CARRETILLA",,PRODUCTIVIDAD,"Regla 900 (.*): Regla por defecto: todo lo que no cae en un supuesto emergente se contabiliza como productividad, y se marca con incidencia PROGRAMA_CLASIFICADO_POR_DEFECTO para revisión humana.","Acuerdo de trabajo: catch-all auditable, nunca silencioso",2026-08-13 16:24:06.522473+00
673,NUCLEOS DE ABEJA,,PRODUCTIVIDAD,"Regla 900 (.*): Regla por defecto: todo lo que no cae en un supuesto emergente se contabiliza como productividad, y se marca con incidencia PROGRAMA_CLASIFICADO_POR_DEFECTO para revisión humana.","Acuerdo de trabajo: catch-all auditable, nunca silencioso",2026-08-13 16:24:06.522473+00
674,VIENTRE PORCINO SIN REGISTRO GENEALOGICO,,PRODUCTIVIDAD,"Regla 900 (.*): Regla por defecto: todo lo que no cae en un supuesto emergente se contabiliza como productividad, y se marca con incidencia PROGRAMA_CLASIFICADO_POR_DEFECTO para revisión humana.","Acuerdo de trabajo: catch-all auditable, nunca silencioso",2026-08-13 16:24:06.522473+00
675,"CARRETILLA, DESBROZADORA Y TINACOS PARA USO AGROPECUARIO",,PRODUCTIVIDAD,"Regla 900 (.*): Regla por defecto: todo lo que no cae en un supuesto emergente se contabiliza como productividad, y se marca con incidencia PROGRAMA_CLASIFICADO_POR_DEFECTO para revisión humana.","Acuerdo de trabajo: catch-all auditable, nunca silencioso",2026-08-13 16:24:06.522473+00
676,MANGUERA,,PRODUCTIVIDAD,"Regla 900 (.*): Regla por defecto: todo lo que no cae en un supuesto emergente se contabiliza como productividad, y se marca con incidencia PROGRAMA_CLASIFICADO_POR_DEFECTO para revisión humana.","Acuerdo de trabajo: catch-all auditable, nunca silencioso",2026-08-13 16:24:06.522473+00
677,"MOLINO DE NIXTAMAL, DESBROZADORA",,PRODUCTIVIDAD,"Regla 900 (.*): Regla por defecto: todo lo que no cae en un supuesto emergente se contabiliza como productividad, y se marca con incidencia PROGRAMA_CLASIFICADO_POR_DEFECTO para revisión humana.","Acuerdo de trabajo: catch-all auditable, nunca silencioso",2026-08-13 16:24:06.522473+00
678,ESTUFA ECOLOGICA Y MOCHILA ASPERSORA,,PRODUCTIVIDAD,"Regla 900 (.*): Regla por defecto: todo lo que no cae en un supuesto emergente se contabiliza como productividad, y se marca con incidencia PROGRAMA_CLASIFICADO_POR_DEFECTO para revisión humana.","Acuerdo de trabajo: catch-all auditable, nunca silencioso",2026-08-13 16:24:06.522473+00
679,SEMENTAL BOVINO CARNICO O DOBLE PROPOSITO GESTANTE CON REGISTRO GENEALOGICO,,PRODUCTIVIDAD,"Regla 900 (.*): Regla por defecto: todo lo que no cae en un supuesto emergente se contabiliza como productividad, y se marca con incidencia PROGRAMA_CLASIFICADO_POR_DEFECTO para revisión humana.","Acuerdo de trabajo: catch-all auditable, nunca silencioso",2026-08-13 16:24:06.522473+00
680,TINACO PARA USO AGROPECUARIO Y DESBROZADORA,,PRODUCTIVIDAD,"Regla 900 (.*): Regla por defecto: todo lo que no cae en un supuesto emergente se contabiliza como productividad, y se marca con incidencia PROGRAMA_CLASIFICADO_POR_DEFECTO para revisión humana.","Acuerdo de trabajo: catch-all auditable, nunca silencioso",2026-08-13 16:24:06.522473+00
681,"DESBROZADORA, MOCHILA ASPERSORA Y ESTUFA ECOLOGICA",,PRODUCTIVIDAD,"Regla 900 (.*): Regla por defecto: todo lo que no cae en un supuesto emergente se contabiliza como productividad, y se marca con incidencia PROGRAMA_CLASIFICADO_POR_DEFECTO para revisión humana.","Acuerdo de trabajo: catch-all auditable, nunca silencioso",2026-08-13 16:24:06.522473+00
682,"ESTUFA ECOLOGICA, MOLINO DE NIXTAMAL",,PRODUCTIVIDAD,"Regla 900 (.*): Regla por defecto: todo lo que no cae en un supuesto emergente se contabiliza como productividad, y se marca con incidencia PROGRAMA_CLASIFICADO_POR_DEFECTO para revisión humana.","Acuerdo de trabajo: catch-all auditable, nunca silencioso",2026-08-13 16:24:06.522473+00
683,"MOLINO DE NIXTAMAL, HUERTO FAMILIAR, TINACO USO AGROPECUARIO",,PRODUCTIVIDAD,"Regla 900 (.*): Regla por defecto: todo lo que no cae en un supuesto emergente se contabiliza como productividad, y se marca con incidencia PROGRAMA_CLASIFICADO_POR_DEFECTO para revisión humana.","Acuerdo de trabajo: catch-all auditable, nunca silencioso",2026-08-13 16:24:06.522473+00
684,"MOLIO DE NIXTAMAL, EQUIPO PARA BOMBEO Y CONDUCCION DE AGUA",,PRODUCTIVIDAD,"Regla 900 (.*): Regla por defecto: todo lo que no cae en un supuesto emergente se contabiliza como productividad, y se marca con incidencia PROGRAMA_CLASIFICADO_POR_DEFECTO para revisión humana.","Acuerdo de trabajo: catch-all auditable, nunca silencioso",2026-08-13 16:24:06.522473+00
685,"ESTUFA ECOLOGICA, MOLINO DE NIXTAMAL, CARRETILLA",,PRODUCTIVIDAD,"Regla 900 (.*): Regla por defecto: todo lo que no cae en un supuesto emergente se contabiliza como productividad, y se marca con incidencia PROGRAMA_CLASIFICADO_POR_DEFECTO para revisión humana.","Acuerdo de trabajo: catch-all auditable, nunca silencioso",2026-08-13 16:24:06.522473+00
686,"MOTOBOMBA, TINACO PARA USO AGROPECUARIO Y CARRETILLA",,PRODUCTIVIDAD,"Regla 900 (.*): Regla por defecto: todo lo que no cae en un supuesto emergente se contabiliza como productividad, y se marca con incidencia PROGRAMA_CLASIFICADO_POR_DEFECTO para revisión humana.","Acuerdo de trabajo: catch-all auditable, nunca silencioso",2026-08-13 16:24:06.522473+00
687,"CISTERNA, MOTOBOMBA",,PRODUCTIVIDAD,"Regla 900 (.*): Regla por defecto: todo lo que no cae en un supuesto emergente se contabiliza como productividad, y se marca con incidencia PROGRAMA_CLASIFICADO_POR_DEFECTO para revisión humana.","Acuerdo de trabajo: catch-all auditable, nunca silencioso",2026-08-13 16:24:06.522473+00
688,"DESBROZADORA, MOLINO DE NIXTAMAL, ESTUFA ECOLOGICA",,PRODUCTIVIDAD,"Regla 900 (.*): Regla por defecto: todo lo que no cae en un supuesto emergente se contabiliza como productividad, y se marca con incidencia PROGRAMA_CLASIFICADO_POR_DEFECTO para revisión humana.","Acuerdo de trabajo: catch-all auditable, nunca silencioso",2026-08-13 16:24:06.522473+00
689,MOLINO MEZCLADOR,,PRODUCTIVIDAD,"Regla 900 (.*): Regla por defecto: todo lo que no cae en un supuesto emergente se contabiliza como productividad, y se marca con incidencia PROGRAMA_CLASIFICADO_POR_DEFECTO para revisión humana.","Acuerdo de trabajo: catch-all auditable, nunca silencioso",2026-08-13 16:24:06.522473+00
690,"DESBROZADORA, MOLINO DE NIXTAMAL Y CARRETILLA",,PRODUCTIVIDAD,"Regla 900 (.*): Regla por defecto: todo lo que no cae en un supuesto emergente se contabiliza como productividad, y se marca con incidencia PROGRAMA_CLASIFICADO_POR_DEFECTO para revisión humana.","Acuerdo de trabajo: catch-all auditable, nunca silencioso",2026-08-13 16:24:06.522473+00
691,BOVINO CARNICO O DOBLE PROPOSITO GESTANTE SN REGISTRO,,PRODUCTIVIDAD,"Regla 900 (.*): Regla por defecto: todo lo que no cae en un supuesto emergente se contabiliza como productividad, y se marca con incidencia PROGRAMA_CLASIFICADO_POR_DEFECTO para revisión humana.","Acuerdo de trabajo: catch-all auditable, nunca silencioso",2026-08-13 16:24:06.522473+00
692,"MOLINO PARA NIXTAMAL, ESTUFA ECOLOGICA",,PRODUCTIVIDAD,"Regla 900 (.*): Regla por defecto: todo lo que no cae en un supuesto emergente se contabiliza como productividad, y se marca con incidencia PROGRAMA_CLASIFICADO_POR_DEFECTO para revisión humana.","Acuerdo de trabajo: catch-all auditable, nunca silencioso",2026-08-13 16:24:06.522473+00
693,MOCHILA ASPERSORA Y MOLINO DE NIXTAMAL,,PRODUCTIVIDAD,"Regla 900 (.*): Regla por defecto: todo lo que no cae en un supuesto emergente se contabiliza como productividad, y se marca con incidencia PROGRAMA_CLASIFICADO_POR_DEFECTO para revisión humana.","Acuerdo de trabajo: catch-all auditable, nunca silencioso",2026-08-13 16:24:06.522473+00
694,PARIHUELA Y CARRETILLA,,PRODUCTIVIDAD,"Regla 900 (.*): Regla por defecto: todo lo que no cae en un supuesto emergente se contabiliza como productividad, y se marca con incidencia PROGRAMA_CLASIFICADO_POR_DEFECTO para revisión humana.","Acuerdo de trabajo: catch-all auditable, nunca silencioso",2026-08-13 16:24:06.522473+00
695,PROYECTO ESTRATEGICO (CAMARA DE REFRIGERACION PARA PRODUCCION DE ROSAS),,PRODUCTIVIDAD,"Regla 900 (.*): Regla por defecto: todo lo que no cae en un supuesto emergente se contabiliza como productividad, y se marca con incidencia PROGRAMA_CLASIFICADO_POR_DEFECTO para revisión humana.","Acuerdo de trabajo: catch-all auditable, nunca silencioso",2026-08-13 16:24:06.522473+00
696,VITRINA,,PRODUCTIVIDAD,"Regla 900 (.*): Regla por defecto: todo lo que no cae en un supuesto emergente se contabiliza como productividad, y se marca con incidencia PROGRAMA_CLASIFICADO_POR_DEFECTO para revisión humana.","Acuerdo de trabajo: catch-all auditable, nunca silencioso",2026-08-13 16:24:06.522473+00
697,"DESBROZADORA, MOLINO DE NIXTAMAL Y MOTOBOMBA",,PRODUCTIVIDAD,"Regla 900 (.*): Regla por defecto: todo lo que no cae en un supuesto emergente se contabiliza como productividad, y se marca con incidencia PROGRAMA_CLASIFICADO_POR_DEFECTO para revisión humana.","Acuerdo de trabajo: catch-all auditable, nunca silencioso",2026-08-13 16:24:06.522473+00
698,"DESBROZADORA, PAQUETE DE HERRAMIENTAS",,PRODUCTIVIDAD,"Regla 900 (.*): Regla por defecto: todo lo que no cae en un supuesto emergente se contabiliza como productividad, y se marca con incidencia PROGRAMA_CLASIFICADO_POR_DEFECTO para revisión humana.","Acuerdo de trabajo: catch-all auditable, nunca silencioso",2026-08-13 16:24:06.522473+00
699,"DESBROZADORA, MOCHILA ASPERSORA",,PRODUCTIVIDAD,"Regla 900 (.*): Regla por defecto: todo lo que no cae en un supuesto emergente se contabiliza como productividad, y se marca con incidencia PROGRAMA_CLASIFICADO_POR_DEFECTO para revisión humana.","Acuerdo de trabajo: catch-all auditable, nunca silencioso",2026-08-13 16:24:06.522473+00
700,EQUIPO BIOFABRICA DE FERTILIZANTE Y DESBROZADORA,,PRODUCTIVIDAD,"Regla 900 (.*): Regla por defecto: todo lo que no cae en un supuesto emergente se contabiliza como productividad, y se marca con incidencia PROGRAMA_CLASIFICADO_POR_DEFECTO para revisión humana.","Acuerdo de trabajo: catch-all auditable, nunca silencioso",2026-08-13 16:24:06.522473+00
701,"MOCHILA ASPERSORA, DESBROZADORA Y CARRETILLA",,PRODUCTIVIDAD,"Regla 900 (.*): Regla por defecto: todo lo que no cae en un supuesto emergente se contabiliza como productividad, y se marca con incidencia PROGRAMA_CLASIFICADO_POR_DEFECTO para revisión humana.","Acuerdo de trabajo: catch-all auditable, nunca silencioso",2026-08-13 16:24:06.522473+00
702,EQUIPAMIENTO Y REHAB. DE SISTEMAS ELECTROMECÁNICOS Y DE ESTRUCTURAS EJIDO LA LLAVE POZO 26,,PRODUCTIVIDAD,"Regla 900 (.*): Regla por defecto: todo lo que no cae en un supuesto emergente se contabiliza como productividad, y se marca con incidencia PROGRAMA_CLASIFICADO_POR_DEFECTO para revisión humana.","Acuerdo de trabajo: catch-all auditable, nunca silencioso",2026-08-13 16:24:06.522473+00
703,EQUIPAMIENTO Y REHAB. DE SISTEMAS ELECTROMECÁNICOS Y DE ESTRUCTURAS EJIDO SANTA MATILDE POZO 25,,PRODUCTIVIDAD,"Regla 900 (.*): Regla por defecto: todo lo que no cae en un supuesto emergente se contabiliza como productividad, y se marca con incidencia PROGRAMA_CLASIFICADO_POR_DEFECTO para revisión humana.","Acuerdo de trabajo: catch-all auditable, nunca silencioso",2026-08-13 16:24:06.522473+00
704,CARRETILLA Y TINACO PARA USO PRODUCTIVO,,PRODUCTIVIDAD,"Regla 900 (.*): Regla por defecto: todo lo que no cae en un supuesto emergente se contabiliza como productividad, y se marca con incidencia PROGRAMA_CLASIFICADO_POR_DEFECTO para revisión humana.","Acuerdo de trabajo: catch-all auditable, nunca silencioso",2026-08-13 16:24:06.522473+00
705,VIENTRE BOVINO CARNICO O DOBLE PROPOSITO GESTANTE SIN REGISTRO GENEALOGICO,,PRODUCTIVIDAD,"Regla 900 (.*): Regla por defecto: todo lo que no cae en un supuesto emergente se contabiliza como productividad, y se marca con incidencia PROGRAMA_CLASIFICADO_POR_DEFECTO para revisión humana.","Acuerdo de trabajo: catch-all auditable, nunca silencioso",2026-08-13 16:24:06.522473+00
706,ULTRASONIDO PARA DIGNOSTICO DE GESTACIÓN,,PRODUCTIVIDAD,"Regla 900 (.*): Regla por defecto: todo lo que no cae en un supuesto emergente se contabiliza como productividad, y se marca con incidencia PROGRAMA_CLASIFICADO_POR_DEFECTO para revisión humana.","Acuerdo de trabajo: catch-all auditable, nunca silencioso",2026-08-13 16:24:06.522473+00
707,PROYECTO ESTRATEGICO (PRODUCCION DE ROSAS),,PRODUCTIVIDAD,"Regla 900 (.*): Regla por defecto: todo lo que no cae en un supuesto emergente se contabiliza como productividad, y se marca con incidencia PROGRAMA_CLASIFICADO_POR_DEFECTO para revisión humana.","Acuerdo de trabajo: catch-all auditable, nunca silencioso",2026-08-13 16:24:06.522473+00
708,"CARRETILLA, TINACO PARA USO AGROPECUARIO",,PRODUCTIVIDAD,"Regla 900 (.*): Regla por defecto: todo lo que no cae en un supuesto emergente se contabiliza como productividad, y se marca con incidencia PROGRAMA_CLASIFICADO_POR_DEFECTO para revisión humana.","Acuerdo de trabajo: catch-all auditable, nunca silencioso",2026-08-13 16:24:06.522473+00
709,"DESBROZADORA, MOLINO DE NIXTAMAL.",,PRODUCTIVIDAD,"Regla 900 (.*): Regla por defecto: todo lo que no cae en un supuesto emergente se contabiliza como productividad, y se marca con incidencia PROGRAMA_CLASIFICADO_POR_DEFECTO para revisión humana.","Acuerdo de trabajo: catch-all auditable, nunca silencioso",2026-08-13 16:24:06.522473+00
710,ASPERSORA Y MOLINO DE NIXTAMAL,,PRODUCTIVIDAD,"Regla 900 (.*): Regla por defecto: todo lo que no cae en un supuesto emergente se contabiliza como productividad, y se marca con incidencia PROGRAMA_CLASIFICADO_POR_DEFECTO para revisión humana.","Acuerdo de trabajo: catch-all auditable, nunca silencioso",2026-08-13 16:24:06.522473+00
711,"TINACO PARA USO AGROPECUARIO, DESBROZADORA, ESTUFA ECOLOGICA",,PRODUCTIVIDAD,"Regla 900 (.*): Regla por defecto: todo lo que no cae en un supuesto emergente se contabiliza como productividad, y se marca con incidencia PROGRAMA_CLASIFICADO_POR_DEFECTO para revisión humana.","Acuerdo de trabajo: catch-all auditable, nunca silencioso",2026-08-13 16:24:06.522473+00
712,SRT: REHAB. DE SISTEMA ELECTROMECÁNICO,,PRODUCTIVIDAD,"Regla 900 (.*): Regla por defecto: todo lo que no cae en un supuesto emergente se contabiliza como productividad, y se marca con incidencia PROGRAMA_CLASIFICADO_POR_DEFECTO para revisión humana.","Acuerdo de trabajo: catch-all auditable, nunca silencioso",2026-08-13 16:24:06.522473+00
713,"SRT: EQUIPAMIENTO DEL SISTEMA ELECTROMECÁNICO DEL POZO OFICIAL 12A EN EL EJIDO SAN ISIDRO, SAN JUAN DEL RÍO",,PRODUCTIVIDAD,"Regla 900 (.*): Regla por defecto: todo lo que no cae en un supuesto emergente se contabiliza como productividad, y se marca con incidencia PROGRAMA_CLASIFICADO_POR_DEFECTO para revisión humana.","Acuerdo de trabajo: catch-all auditable, nunca silencioso",2026-08-13 16:24:06.522473+00
714,ENSILADORA USO PECUARIO,,PRODUCTIVIDAD,"Regla 900 (.*): Regla por defecto: todo lo que no cae en un supuesto emergente se contabiliza como productividad, y se marca con incidencia PROGRAMA_CLASIFICADO_POR_DEFECTO para revisión humana.","Acuerdo de trabajo: catch-all auditable, nunca silencioso",2026-08-13 16:24:06.522473+00
715,TINACO PARA USO AGROPECUARIO Y MOTOBOMBA,,PRODUCTIVIDAD,"Regla 900 (.*): Regla por defecto: todo lo que no cae en un supuesto emergente se contabiliza como productividad, y se marca con incidencia PROGRAMA_CLASIFICADO_POR_DEFECTO para revisión humana.","Acuerdo de trabajo: catch-all auditable, nunca silencioso",2026-08-13 16:24:06.522473+00
716,DESPULPADORA,,PRODUCTIVIDAD,"Regla 900 (.*): Regla por defecto: todo lo que no cae en un supuesto emergente se contabiliza como productividad, y se marca con incidencia PROGRAMA_CLASIFICADO_POR_DEFECTO para revisión humana.","Acuerdo de trabajo: catch-all auditable, nunca silencioso",2026-08-13 16:24:06.522473+00
717,CAMAS DE MATERNIDAD,,PRODUCTIVIDAD,"Regla 900 (.*): Regla por defecto: todo lo que no cae en un supuesto emergente se contabiliza como productividad, y se marca con incidencia PROGRAMA_CLASIFICADO_POR_DEFECTO para revisión humana.","Acuerdo de trabajo: catch-all auditable, nunca silencioso",2026-08-13 16:24:06.522473+00
718,MESA ACERO INOXIDABLE USO PECUARIO,,PRODUCTIVIDAD,"Regla 900 (.*): Regla por defecto: todo lo que no cae en un supuesto emergente se contabiliza como productividad, y se marca con incidencia PROGRAMA_CLASIFICADO_POR_DEFECTO para revisión humana.","Acuerdo de trabajo: catch-all auditable, nunca silencioso",2026-08-13 16:24:06.522473+00
719,"CISTERNA DE AL MENOS 5,000(CINCO MIL)LITROS",,PRODUCTIVIDAD,"Regla 900 (.*): Regla por defecto: todo lo que no cae en un supuesto emergente se contabiliza como productividad, y se marca con incidencia PROGRAMA_CLASIFICADO_POR_DEFECTO para revisión humana.","Acuerdo de trabajo: catch-all auditable, nunca silencioso",2026-08-13 16:24:06.522473+00
720,TINACO 2500 LTS,,PRODUCTIVIDAD,"Regla 900 (.*): Regla por defecto: todo lo que no cae en un supuesto emergente se contabiliza como productividad, y se marca con incidencia PROGRAMA_CLASIFICADO_POR_DEFECTO para revisión humana.","Acuerdo de trabajo: catch-all auditable, nunca silencioso",2026-08-13 16:24:06.522473+00
721,MOLINOS PARA FORRAJE,,PRODUCTIVIDAD,"Regla 900 (.*): Regla por defecto: todo lo que no cae en un supuesto emergente se contabiliza como productividad, y se marca con incidencia PROGRAMA_CLASIFICADO_POR_DEFECTO para revisión humana.","Acuerdo de trabajo: catch-all auditable, nunca silencioso",2026-08-13 16:24:06.522473+00
722,"SISTEMA DE COSECHA DE AGUA DE LLUVIA 
( AREA DE CAPTACION Y DEPOSITO DE AGUA )",,PRODUCTIVIDAD,"Regla 900 (.*): Regla por defecto: todo lo que no cae en un supuesto emergente se contabiliza como productividad, y se marca con incidencia PROGRAMA_CLASIFICADO_POR_DEFECTO para revisión humana.","Acuerdo de trabajo: catch-all auditable, nunca silencioso",2026-08-13 16:24:06.522473+00
723,CAPTACIÓN Y ALMACENAMIENTO DE AGUA,,PRODUCTIVIDAD,"Regla 900 (.*): Regla por defecto: todo lo que no cae en un supuesto emergente se contabiliza como productividad, y se marca con incidencia PROGRAMA_CLASIFICADO_POR_DEFECTO para revisión humana.","Acuerdo de trabajo: catch-all auditable, nunca silencioso",2026-08-13 16:24:06.522473+00
